case_id,category,color,reported_location,location_type,footfall_score,days_since_loss,max_similarity_score,similar_items_nearby_48h,recovered,days_to_recovery
1,Keys,Red,Clock Tower,Landmark,0.9,23,0.79,2,0,
2,Wallet,Blue,Bus Stop,Transit,0.75,3,0.68,1,1,5.0
3,Bottle,Red,Parking Area,Open Area,0.45,13,0.98,0,1,8.0
4,Phone,Blue,Canteen,Building,0.95,16,0.84,2,1,1.0
5,Bottle,Blue,Bus Stop,Transit,0.75,20,0.74,1,0,
6,Bag,Blue,Pathway near CSE,Pathway,0.6,18,0.36,1,0,
7,Phone,Blue,Bus Stop,Transit,0.75,13,0.54,2,0,
8,Wallet,Blue,Auditorium,Building,0.8,10,0.45,2,0,
9,Bag,Red,Library,Building,0.85,27,0.49,0,0,
10,ID Card,Red,Bus Stop,Transit,0.75,14,0.77,4,1,2.0
11,Bag,Red,Parking Area,Open Area,0.45,9,0.52,1,0,
12,Bottle,Black,Parking Area,Open Area,0.45,6,0.67,3,0,
13,Phone,White,Canteen,Building,0.95,24,0.99,3,1,5.0
14,Phone,Blue,Auditorium,Building,0.8,3,0.91,2,1,1.0
15,Bag,White,Auditorium,Building,0.8,11,0.68,1,0,
16,ID Card,Blue,Bus Stop,Transit,0.75,8,0.65,2,1,1.0
17,Keys,White,Clock Tower,Landmark,0.9,19,0.76,0,0,
18,Bottle,White,Canteen,Building,0.95,5,0.63,3,1,4.0
19,ID Card,White,Bus Stop,Transit,0.75,17,0.89,1,1,1.0
20,ID Card,Red,Canteen,Building,0.95,26,0.87,0,0,
21,ID Card,Green,Library,Building,0.85,2,0.76,1,1,1.0
22,Bottle,White,Library,Building,0.85,6,0.88,3,1,1.0
23,Bag,White,Pathway near CSE,Pathway,0.6,4,0.77,4,1,1.0
24,Wallet,White,Parking Area,Open Area,0.45,17,0.58,0,0,
25,Bottle,Green,Parking Area,Open Area,0.45,12,0.44,2,0,
26,Wallet,Silver,Pathway near CSE,Pathway,0.6,2,0.89,2,1,1.0
27,Phone,Blue,Bus Stop,Transit,0.75,5,0.55,5,1,5.0
28,Bag,Silver,Clock Tower,Landmark,0.9,12,0.61,3,1,1.0
29,Bag,Silver,Library,Building,0.85,17,0.63,2,0,
30,Phone,White,Bus Stop,Transit,0.75,3,0.44,2,1,1.0
31,Bottle,Black,Auditorium,Building,0.8,20,0.78,2,0,
32,ID Card,Green,Canteen,Building,0.95,14,0.67,3,0,
33,Keys,White,Library,Building,0.85,16,0.35,1,0,
34,Bottle,Red,Auditorium,Building,0.8,20,0.7,2,0,
35,Keys,Silver,Parking Area,Open Area,0.45,6,0.79,1,0,
36,Wallet,Silver,Auditorium,Building,0.8,29,0.65,2,0,
37,Phone,Silver,Library,Building,0.85,15,0.91,2,0,
38,ID Card,Black,Canteen,Building,0.95,1,0.84,3,1,4.0
39,Bottle,Red,Clock Tower,Landmark,0.9,23,0.52,0,0,
40,Phone,Silver,Auditorium,Building,0.8,4,0.6,2,1,1.0
41,Bag,Silver,Canteen,Building,0.95,8,0.82,1,1,1.0
42,Bottle,Green,Canteen,Building,0.95,29,0.48,1,0,
43,Keys,White,Canteen,Building,0.95,22,0.56,4,0,
44,Keys,White,Library,Building,0.85,14,0.64,2,0,
45,Bag,Red,Canteen,Building,0.95,7,0.75,1,1,3.0
46,Phone,Silver,Parking Area,Open Area,0.45,7,0.84,4,1,1.0
47,Phone,Red,Bus Stop,Transit,0.75,20,0.74,0,0,
48,Phone,Red,Auditorium,Building,0.8,10,0.85,0,1,2.0
49,Wallet,Black,Bus Stop,Transit,0.75,15,0.99,2,1,1.0
50,Wallet,White,Parking Area,Open Area,0.45,18,0.79,3,0,
51,Bag,Green,Canteen,Building,0.95,3,0.85,0,1,1.0
52,Bag,Black,Pathway near CSE,Pathway,0.6,13,0.99,1,1,9.0
53,Keys,Red,Bus Stop,Transit,0.75,20,0.86,4,1,1.0
54,Phone,Red,Pathway near CSE,Pathway,0.6,23,0.66,2,0,
55,Phone,Blue,Canteen,Building,0.95,6,0.51,4,1,6.0
56,Wallet,Green,Canteen,Building,0.95,8,0.79,4,1,1.0
57,Phone,Green,Auditorium,Building,0.8,27,0.62,1,0,
58,Phone,Red,Bus Stop,Transit,0.75,17,0.85,3,1,2.0
59,Phone,Blue,Canteen,Building,0.95,13,0.89,3,1,1.0
60,Wallet,Green,Clock Tower,Landmark,0.9,5,0.71,5,1,4.0
61,Bag,Black,Auditorium,Building,0.8,25,0.94,3,1,1.0
62,Bag,White,Bus Stop,Transit,0.75,25,0.88,1,0,
63,Keys,Green,Canteen,Building,0.95,6,0.99,2,1,1.0
64,Phone,Silver,Bus Stop,Transit,0.75,17,0.36,2,0,
65,ID Card,Red,Clock Tower,Landmark,0.9,18,0.98,1,1,1.0
66,Bottle,Blue,Clock Tower,Landmark,0.9,30,0.72,0,0,
67,Wallet,Red,Parking Area,Open Area,0.45,2,0.99,4,1,3.0
68,Wallet,Green,Clock Tower,Landmark,0.9,30,0.99,1,1,1.0
69,Wallet,Silver,Parking Area,Open Area,0.45,1,0.79,1,1,1.0
70,Bag,White,Parking Area,Open Area,0.45,18,0.86,2,0,
71,ID Card,Blue,Bus Stop,Transit,0.75,22,0.47,4,0,
72,ID Card,Green,Canteen,Building,0.95,21,0.87,1,1,3.0
73,Bag,Black,Auditorium,Building,0.8,29,0.78,1,0,
74,Bag,Silver,Parking Area,Open Area,0.45,3,0.84,2,1,1.0
75,Wallet,Silver,Library,Building,0.85,4,0.99,1,1,1.0
76,Phone,Blue,Library,Building,0.85,9,0.44,4,1,1.0
77,Bottle,White,Library,Building,0.85,19,0.66,3,0,
78,Keys,Silver,Clock Tower,Landmark,0.9,21,0.71,4,1,8.0
79,ID Card,White,Clock Tower,Landmark,0.9,30,0.61,2,0,
80,ID Card,Red,Clock Tower,Landmark,0.9,23,0.74,2,1,2.0
81,ID Card,Black,Parking Area,Open Area,0.45,6,0.86,3,1,3.0
82,Wallet,White,Bus Stop,Transit,0.75,27,0.76,3,1,3.0
83,Bag,Black,Auditorium,Building,0.8,1,0.8,4,1,5.0
84,Bag,Black,Clock Tower,Landmark,0.9,0,0.66,2,1,5.0
85,Wallet,White,Library,Building,0.85,5,0.76,4,1,1.0
86,Bottle,White,Pathway near CSE,Pathway,0.6,17,0.68,4,1,1.0
87,Phone,White,Canteen,Building,0.95,17,0.71,3,0,
88,ID Card,Silver,Parking Area,Open Area,0.45,4,0.58,1,0,
89,Phone,Black,Library,Building,0.85,28,0.55,0,0,
90,Phone,Black,Canteen,Building,0.95,21,0.74,1,1,4.0
91,Phone,Black,Auditorium,Building,0.8,17,0.62,0,0,
92,Bag,Silver,Bus Stop,Transit,0.75,4,0.74,3,1,7.0
93,Wallet,Blue,Auditorium,Building,0.8,25,0.57,4,0,
94,Bag,Red,Canteen,Building,0.95,23,0.66,1,0,
95,Bag,White,Auditorium,Building,0.8,23,0.58,0,0,
96,ID Card,Blue,Auditorium,Building,0.8,22,0.69,0,0,
97,Phone,Green,Canteen,Building,0.95,6,0.93,3,1,5.0
98,Bag,Black,Library,Building,0.85,26,0.84,2,1,8.0
99,Wallet,Blue,Clock Tower,Landmark,0.9,21,0.74,0,0,
100,ID Card,Black,Auditorium,Building,0.8,2,0.7,4,1,1.0
101,ID Card,Black,Bus Stop,Transit,0.75,16,0.92,1,1,1.0
102,Bottle,Black,Clock Tower,Landmark,0.9,3,0.99,4,1,1.0
103,ID Card,Blue,Parking Area,Open Area,0.45,30,0.32,1,0,
104,Phone,Red,Parking Area,Open Area,0.45,13,0.61,4,0,
105,ID Card,Green,Parking Area,Open Area,0.45,16,0.8,2,0,
106,Bottle,Blue,Library,Building,0.85,1,0.87,6,1,1.0
107,Phone,Silver,Auditorium,Building,0.8,17,0.91,2,1,1.0
108,Keys,White,Bus Stop,Transit,0.75,6,0.62,4,1,1.0
109,Phone,White,Library,Building,0.85,19,0.7,4,1,1.0
110,Phone,White,Library,Building,0.85,16,0.71,2,1,2.0
111,Bag,Black,Pathway near CSE,Pathway,0.6,22,0.42,0,0,
112,Wallet,Blue,Pathway near CSE,Pathway,0.6,21,0.93,4,1,2.0
113,Keys,White,Canteen,Building,0.95,19,0.88,1,1,1.0
114,Bag,Silver,Auditorium,Building,0.8,0,0.73,3,1,1.0
115,Wallet,Green,Auditorium,Building,0.8,18,0.39,3,0,
116,ID Card,Green,Pathway near CSE,Pathway,0.6,14,0.96,5,1,6.0
117,Bottle,Green,Auditorium,Building,0.8,28,0.39,3,0,
118,Keys,Blue,Bus Stop,Transit,0.75,2,0.69,2,1,1.0
119,Keys,White,Parking Area,Open Area,0.45,10,0.77,1,0,
120,Wallet,White,Library,Building,0.85,7,0.53,3,1,1.0
121,Wallet,Red,Clock Tower,Landmark,0.9,7,0.55,0,0,
122,Bottle,Red,Pathway near CSE,Pathway,0.6,13,0.6,0,0,
123,Bottle,Blue,Bus Stop,Transit,0.75,22,0.44,2,0,
124,Bag,Blue,Canteen,Building,0.95,20,0.67,0,0,
125,Phone,Green,Canteen,Building,0.95,5,0.79,0,1,5.0
126,Keys,Silver,Pathway near CSE,Pathway,0.6,1,0.92,1,1,1.0
127,Phone,Green,Canteen,Building,0.95,25,0.81,1,1,1.0
128,Bottle,Silver,Parking Area,Open Area,0.45,10,0.84,2,0,
129,Bag,Silver,Auditorium,Building,0.8,23,0.99,0,0,
130,Bag,Silver,Pathway near CSE,Pathway,0.6,28,0.66,3,0,
131,Bag,Green,Library,Building,0.85,24,0.52,2,0,
132,Keys,Black,Auditorium,Building,0.8,24,0.71,1,0,
133,Keys,Blue,Library,Building,0.85,14,0.58,0,0,
134,ID Card,Blue,Library,Building,0.85,10,0.51,5,1,1.0
135,Bottle,Red,Canteen,Building,0.95,4,0.97,1,1,1.0
136,Keys,Blue,Bus Stop,Transit,0.75,6,0.8,2,1,1.0
137,Bag,Black,Parking Area,Open Area,0.45,14,0.7,1,0,
138,Wallet,Green,Pathway near CSE,Pathway,0.6,28,0.72,1,0,
139,Keys,Red,Auditorium,Building,0.8,28,0.63,1,0,
140,Bag,Green,Clock Tower,Landmark,0.9,30,0.63,1,0,
141,Bag,Green,Parking Area,Open Area,0.45,23,0.3,1,0,
142,Bottle,Blue,Pathway near CSE,Pathway,0.6,7,0.82,4,1,1.0
143,Bag,Red,Pathway near CSE,Pathway,0.6,10,0.8,2,1,3.0
144,Bag,White,Canteen,Building,0.95,26,0.74,1,0,
145,Wallet,Silver,Parking Area,Open Area,0.45,0,0.75,1,1,2.0
146,Bottle,Silver,Bus Stop,Transit,0.75,0,0.3,2,0,
147,Bag,Blue,Auditorium,Building,0.8,14,0.99,0,1,1.0
148,ID Card,Green,Library,Building,0.85,6,0.41,0,0,
149,ID Card,Green,Library,Building,0.85,24,0.88,2,1,2.0
150,Bag,Black,Auditorium,Building,0.8,2,0.6,2,1,6.0
151,Keys,Silver,Clock Tower,Landmark,0.9,30,0.77,2,0,
152,Keys,Red,Auditorium,Building,0.8,30,0.59,3,0,
153,Phone,Blue,Canteen,Building,0.95,26,0.59,1,1,4.0
154,Wallet,Blue,Canteen,Building,0.95,15,0.81,2,1,5.0
155,Bottle,Blue,Pathway near CSE,Pathway,0.6,22,0.92,2,0,
156,ID Card,Blue,Parking Area,Open Area,0.45,19,0.63,2,0,
157,Keys,Red,Auditorium,Building,0.8,26,0.76,3,0,
158,ID Card,Red,Parking Area,Open Area,0.45,0,0.66,0,1,7.0
159,Bottle,White,Pathway near CSE,Pathway,0.6,12,0.43,1,0,
160,Wallet,Red,Parking Area,Open Area,0.45,22,0.91,4,1,1.0
161,Wallet,Red,Bus Stop,Transit,0.75,24,0.85,0,0,
162,Keys,Silver,Auditorium,Building,0.8,3,0.55,3,1,4.0
163,Bottle,Red,Library,Building,0.85,17,0.65,1,0,
164,ID Card,Red,Parking Area,Open Area,0.45,20,0.52,2,0,
165,Bag,Green,Clock Tower,Landmark,0.9,13,0.95,2,1,1.0
166,Keys,Green,Bus Stop,Transit,0.75,4,0.88,3,1,7.0
167,Keys,Silver,Bus Stop,Transit,0.75,8,0.75,2,1,5.0
168,Bottle,Green,Pathway near CSE,Pathway,0.6,13,0.5,5,0,
169,Bottle,Black,Library,Building,0.85,27,0.99,4,1,1.0
170,Phone,Black,Pathway near CSE,Pathway,0.6,7,0.94,2,1,6.0
171,Bottle,Silver,Bus Stop,Transit,0.75,12,0.71,2,0,
172,Bag,Black,Canteen,Building,0.95,15,0.9,2,1,1.0
173,ID Card,Black,Library,Building,0.85,28,0.85,2,1,3.0
174,ID Card,Silver,Clock Tower,Landmark,0.9,16,0.3,1,0,
175,Phone,Blue,Bus Stop,Transit,0.75,13,0.5,1,0,
176,Wallet,White,Pathway near CSE,Pathway,0.6,20,0.67,3,0,
177,Bag,Red,Clock Tower,Landmark,0.9,9,0.52,2,0,
178,Keys,Blue,Library,Building,0.85,21,0.79,0,0,
179,Bag,Silver,Parking Area,Open Area,0.45,11,0.7,1,0,
180,Keys,Silver,Library,Building,0.85,11,0.73,3,1,1.0
181,ID Card,Black,Library,Building,0.85,7,0.69,1,1,3.0
182,Wallet,Black,Clock Tower,Landmark,0.9,23,0.6,2,0,
183,Keys,Blue,Canteen,Building,0.95,6,0.92,1,1,4.0
184,ID Card,White,Parking Area,Open Area,0.45,24,0.33,2,0,
185,ID Card,Red,Auditorium,Building,0.8,6,0.5,0,0,
186,ID Card,Blue,Library,Building,0.85,0,0.99,1,1,2.0
187,Wallet,Black,Clock Tower,Landmark,0.9,1,0.83,0,1,1.0
188,Keys,Blue,Bus Stop,Transit,0.75,27,0.5,2,0,
189,Phone,Red,Parking Area,Open Area,0.45,9,0.64,3,0,
190,Bag,Black,Canteen,Building,0.95,30,0.66,2,0,
191,Bag,Red,Auditorium,Building,0.8,2,0.81,0,1,1.0
192,Phone,Silver,Bus Stop,Transit,0.75,21,0.64,1,0,
193,Wallet,Silver,Library,Building,0.85,2,0.76,3,1,1.0
194,Phone,Silver,Auditorium,Building,0.8,13,0.47,2,0,
195,Bottle,Blue,Auditorium,Building,0.8,16,0.47,2,0,
196,Bag,Black,Auditorium,Building,0.8,18,0.99,2,1,5.0
197,ID Card,Silver,Parking Area,Open Area,0.45,1,0.87,2,1,1.0
198,Keys,Red,Auditorium,Building,0.8,6,0.69,2,1,1.0
199,ID Card,White,Clock Tower,Landmark,0.9,5,0.47,1,1,6.0
200,Bottle,Red,Canteen,Building,0.95,0,0.72,0,1,2.0
201,Keys,Silver,Pathway near CSE,Pathway,0.6,9,0.77,2,1,1.0
202,ID Card,White,Library,Building,0.85,22,0.39,1,0,
203,Phone,White,Canteen,Building,0.95,29,0.75,2,1,6.0
204,Keys,Silver,Bus Stop,Transit,0.75,25,0.88,2,0,
205,Bag,Red,Parking Area,Open Area,0.45,7,0.64,2,0,
206,ID Card,Blue,Clock Tower,Landmark,0.9,1,0.74,1,1,3.0
207,ID Card,Silver,Bus Stop,Transit,0.75,26,0.8,4,1,1.0
208,ID Card,Green,Clock Tower,Landmark,0.9,14,0.38,2,0,
209,Keys,Green,Library,Building,0.85,16,0.99,2,1,1.0
210,Bag,Red,Parking Area,Open Area,0.45,1,0.68,3,1,1.0
211,Keys,Black,Parking Area,Open Area,0.45,8,0.79,2,1,1.0
212,Wallet,White,Auditorium,Building,0.8,27,0.8,0,0,
213,Phone,White,Auditorium,Building,0.8,8,0.69,1,1,5.0
214,Wallet,Green,Parking Area,Open Area,0.45,20,0.81,5,1,1.0
215,ID Card,Blue,Parking Area,Open Area,0.45,13,0.78,1,0,
216,Bag,Red,Pathway near CSE,Pathway,0.6,11,0.74,1,0,
217,ID Card,White,Clock Tower,Landmark,0.9,27,0.51,6,1,4.0
218,Bag,White,Pathway near CSE,Pathway,0.6,9,0.89,0,0,
219,Bag,Silver,Clock Tower,Landmark,0.9,14,0.45,0,0,
220,ID Card,Black,Clock Tower,Landmark,0.9,24,0.79,0,0,
221,Bottle,Red,Bus Stop,Transit,0.75,27,0.51,1,0,
222,Bag,Red,Canteen,Building,0.95,16,0.93,2,1,1.0
223,Bag,White,Pathway near CSE,Pathway,0.6,24,0.86,2,0,
224,ID Card,Silver,Canteen,Building,0.95,29,0.75,1,0,
225,Keys,Green,Clock Tower,Landmark,0.9,0,0.71,5,1,1.0
226,Bottle,Blue,Bus Stop,Transit,0.75,5,0.89,5,1,3.0
227,Phone,Silver,Pathway near CSE,Pathway,0.6,2,0.62,1,1,1.0
228,Phone,Green,Clock Tower,Landmark,0.9,20,0.65,1,0,
229,Bag,White,Library,Building,0.85,16,0.35,3,0,
230,Bag,Green,Pathway near CSE,Pathway,0.6,7,0.48,0,0,
231,Wallet,Green,Canteen,Building,0.95,29,0.88,3,1,11.0
232,Keys,Blue,Auditorium,Building,0.8,2,0.66,3,1,1.0
233,Bag,Black,Auditorium,Building,0.8,16,0.59,1,0,
234,Phone,Black,Bus Stop,Transit,0.75,9,0.6,2,1,8.0
235,Bottle,White,Pathway near CSE,Pathway,0.6,27,0.96,1,0,
236,Bottle,Green,Library,Building,0.85,10,0.6,2,0,
237,Bottle,Green,Pathway near CSE,Pathway,0.6,29,0.99,1,0,
238,Wallet,White,Canteen,Building,0.95,18,0.87,2,1,5.0
239,Bag,Red,Library,Building,0.85,23,0.8,1,0,
240,Bag,Green,Bus Stop,Transit,0.75,25,0.9,2,1,3.0
241,Wallet,Green,Clock Tower,Landmark,0.9,4,0.55,2,1,4.0
242,Bottle,Black,Auditorium,Building,0.8,3,0.7,3,1,1.0
243,Bag,Red,Parking Area,Open Area,0.45,29,0.82,3,0,
244,Keys,Blue,Pathway near CSE,Pathway,0.6,27,0.99,6,1,3.0
245,Wallet,Red,Pathway near CSE,Pathway,0.6,25,0.67,2,0,
246,ID Card,Silver,Bus Stop,Transit,0.75,12,0.73,3,1,1.0
247,ID Card,White,Auditorium,Building,0.8,17,0.73,2,1,1.0
248,ID Card,White,Bus Stop,Transit,0.75,28,0.71,1,0,
249,Bottle,Red,Parking Area,Open Area,0.45,2,0.74,4,1,6.0
250,Keys,Black,Canteen,Building,0.95,23,0.98,1,1,1.0
251,Phone,White,Bus Stop,Transit,0.75,27,0.63,2,0,
252,Wallet,White,Library,Building,0.85,28,0.73,0,1,5.0
253,ID Card,Red,Library,Building,0.85,11,0.6,1,0,
254,Wallet,Blue,Parking Area,Open Area,0.45,13,0.77,0,0,
255,Wallet,Blue,Canteen,Building,0.95,2,0.68,3,1,14.0
256,Bag,Silver,Bus Stop,Transit,0.75,7,0.33,2,0,
257,Bottle,Blue,Canteen,Building,0.95,14,0.82,1,0,
258,Bag,Black,Bus Stop,Transit,0.75,0,0.88,2,1,7.0
259,Bag,Black,Bus Stop,Transit,0.75,17,0.66,3,0,
260,Bag,Black,Parking Area,Open Area,0.45,9,0.49,2,0,
261,Bag,White,Library,Building,0.85,14,0.66,1,0,
262,Wallet,Green,Auditorium,Building,0.8,15,0.76,3,1,8.0
263,Bag,Silver,Library,Building,0.85,18,0.75,5,1,1.0
264,Keys,Black,Clock Tower,Landmark,0.9,26,0.66,4,0,
265,ID Card,Red,Parking Area,Open Area,0.45,27,0.77,1,0,
266,Keys,Red,Parking Area,Open Area,0.45,23,0.56,1,0,
267,ID Card,Blue,Parking Area,Open Area,0.45,25,0.41,2,0,
268,Keys,Blue,Parking Area,Open Area,0.45,8,0.8,0,0,
269,Keys,White,Bus Stop,Transit,0.75,26,0.67,2,0,
270,Phone,White,Bus Stop,Transit,0.75,1,0.58,3,1,1.0
271,Bag,Red,Parking Area,Open Area,0.45,11,0.65,2,0,
272,Phone,Black,Library,Building,0.85,23,0.63,3,1,1.0
273,Wallet,Blue,Auditorium,Building,0.8,17,0.54,1,0,
274,ID Card,Silver,Parking Area,Open Area,0.45,29,0.71,0,0,
275,Wallet,Black,Auditorium,Building,0.8,30,0.52,3,0,
276,ID Card,White,Auditorium,Building,0.8,10,0.65,1,1,2.0
277,Bag,Red,Canteen,Building,0.95,24,0.99,5,1,5.0
278,Keys,White,Bus Stop,Transit,0.75,12,0.76,3,1,1.0
279,Bottle,Black,Clock Tower,Landmark,0.9,25,0.63,0,0,
280,ID Card,Silver,Clock Tower,Landmark,0.9,14,0.74,1,1,5.0
281,Keys,White,Library,Building,0.85,18,0.51,4,0,
282,Keys,Black,Clock Tower,Landmark,0.9,21,0.6,4,0,
283,Phone,Silver,Parking Area,Open Area,0.45,10,0.61,0,0,
284,Wallet,White,Clock Tower,Landmark,0.9,20,0.74,1,0,
285,Keys,Black,Bus Stop,Transit,0.75,13,0.77,2,0,
286,Phone,Red,Library,Building,0.85,15,0.82,2,1,5.0
287,Wallet,Silver,Canteen,Building,0.95,12,0.42,4,1,1.0
288,Keys,White,Bus Stop,Transit,0.75,30,0.99,2,1,2.0
289,Bottle,White,Bus Stop,Transit,0.75,4,0.95,0,1,3.0
290,Keys,Red,Auditorium,Building,0.8,15,0.84,2,1,8.0
291,ID Card,Red,Bus Stop,Transit,0.75,11,0.76,1,1,5.0
292,Bag,Blue,Auditorium,Building,0.8,11,0.65,2,0,
293,Keys,Black,Parking Area,Open Area,0.45,28,0.49,2,0,
294,ID Card,Red,Pathway near CSE,Pathway,0.6,8,0.76,3,1,8.0
295,Phone,Green,Clock Tower,Landmark,0.9,21,0.42,0,0,
296,Keys,Silver,Clock Tower,Landmark,0.9,1,0.65,1,1,1.0
297,Wallet,Blue,Auditorium,Building,0.8,18,0.65,2,0,
298,Bottle,Blue,Parking Area,Open Area,0.45,6,0.92,1,0,
299,Wallet,Black,Auditorium,Building,0.8,4,0.64,4,1,1.0
300,Bottle,Red,Library,Building,0.85,27,0.99,1,0,
301,Wallet,Silver,Library,Building,0.85,25,0.83,0,0,
302,Keys,Red,Canteen,Building,0.95,0,0.71,0,1,1.0
303,Wallet,Silver,Library,Building,0.85,0,0.67,1,1,1.0
304,Phone,Blue,Bus Stop,Transit,0.75,13,0.78,2,1,7.0
305,Keys,Red,Pathway near CSE,Pathway,0.6,14,0.86,2,0,
306,Bottle,Silver,Clock Tower,Landmark,0.9,14,0.76,1,0,
307,Bottle,Red,Bus Stop,Transit,0.75,25,0.53,2,0,
308,Keys,Silver,Library,Building,0.85,14,0.82,3,1,2.0
309,Phone,Red,Pathway near CSE,Pathway,0.6,27,0.69,3,0,
310,Keys,Red,Pathway near CSE,Pathway,0.6,22,0.99,3,1,2.0
311,Phone,Red,Library,Building,0.85,19,0.99,0,1,2.0
312,Wallet,Black,Parking Area,Open Area,0.45,20,0.49,1,0,
313,Keys,Black,Pathway near CSE,Pathway,0.6,19,0.69,5,1,1.0
314,Bag,Silver,Parking Area,Open Area,0.45,13,0.76,5,1,1.0
315,Keys,Red,Auditorium,Building,0.8,20,0.67,1,0,
316,Bottle,White,Auditorium,Building,0.8,6,0.7,2,1,1.0
317,Wallet,Green,Library,Building,0.85,26,0.58,1,0,
318,Bag,White,Clock Tower,Landmark,0.9,10,0.46,3,0,
319,Keys,Black,Library,Building,0.85,30,0.88,2,0,
320,Bag,Red,Clock Tower,Landmark,0.9,26,0.64,1,0,
321,Bag,Red,Bus Stop,Transit,0.75,23,0.96,6,1,1.0
322,Wallet,Silver,Clock Tower,Landmark,0.9,18,0.37,0,0,
323,Bottle,Black,Bus Stop,Transit,0.75,3,0.84,2,1,6.0
324,Keys,Green,Auditorium,Building,0.8,29,0.75,1,0,
325,ID Card,Silver,Library,Building,0.85,11,0.4,1,0,
326,Bottle,Blue,Canteen,Building,0.95,21,0.68,2,0,
327,Phone,Black,Auditorium,Building,0.8,17,0.97,1,1,1.0
328,ID Card,Silver,Canteen,Building,0.95,25,0.84,1,1,1.0
329,Bottle,Silver,Parking Area,Open Area,0.45,21,0.99,0,0,
330,Phone,Silver,Bus Stop,Transit,0.75,26,0.74,3,1,4.0
331,Phone,Blue,Library,Building,0.85,22,0.6,5,1,1.0
332,ID Card,Black,Clock Tower,Landmark,0.9,5,0.71,4,1,1.0
333,Bottle,White,Pathway near CSE,Pathway,0.6,2,0.57,3,1,2.0
334,Keys,Red,Clock Tower,Landmark,0.9,23,0.86,2,1,3.0
335,Bag,Green,Pathway near CSE,Pathway,0.6,10,0.64,0,0,
336,ID Card,White,Library,Building,0.85,24,0.78,0,0,
337,Bottle,Red,Clock Tower,Landmark,0.9,4,0.92,1,1,1.0
338,Bottle,Red,Bus Stop,Transit,0.75,2,0.99,3,1,2.0
339,Keys,Green,Pathway near CSE,Pathway,0.6,19,0.44,3,0,
340,ID Card,Blue,Auditorium,Building,0.8,16,0.36,0,0,
341,Bag,Red,Library,Building,0.85,21,0.8,1,0,
342,Bag,Silver,Bus Stop,Transit,0.75,9,0.99,0,0,
343,Bag,Silver,Clock Tower,Landmark,0.9,0,0.5,1,1,1.0
344,Wallet,Blue,Auditorium,Building,0.8,8,0.57,0,0,
345,Phone,Red,Pathway near CSE,Pathway,0.6,23,0.59,4,0,
346,Wallet,Green,Parking Area,Open Area,0.45,22,0.83,4,1,3.0
347,Bottle,White,Auditorium,Building,0.8,11,0.57,2,0,
348,Keys,Red,Pathway near CSE,Pathway,0.6,0,0.69,2,1,1.0
349,Phone,Black,Parking Area,Open Area,0.45,13,0.99,4,1,1.0
350,Keys,White,Pathway near CSE,Pathway,0.6,9,0.64,3,0,
351,Phone,Black,Canteen,Building,0.95,25,0.71,1,0,
352,Bag,White,Library,Building,0.85,2,0.92,1,1,4.0
353,Phone,Blue,Pathway near CSE,Pathway,0.6,18,0.83,0,0,
354,Phone,Green,Auditorium,Building,0.8,9,0.87,1,1,1.0
355,Wallet,Black,Auditorium,Building,0.8,5,0.37,2,0,
356,Keys,Red,Parking Area,Open Area,0.45,16,0.79,5,1,6.0
357,ID Card,Black,Bus Stop,Transit,0.75,30,0.71,5,1,1.0
358,Wallet,Blue,Clock Tower,Landmark,0.9,4,0.68,1,1,2.0
359,Wallet,Silver,Canteen,Building,0.95,24,0.71,2,1,4.0
360,Phone,Blue,Auditorium,Building,0.8,20,0.7,4,1,1.0
361,Bottle,Silver,Pathway near CSE,Pathway,0.6,21,0.51,1,0,
362,Bottle,White,Bus Stop,Transit,0.75,19,0.65,0,0,
363,Keys,Black,Canteen,Building,0.95,14,0.79,1,0,
364,Bag,White,Library,Building,0.85,25,0.71,2,0,
365,Phone,Black,Parking Area,Open Area,0.45,2,0.48,2,0,
366,Bag,Red,Clock Tower,Landmark,0.9,11,0.81,0,0,
367,Phone,White,Auditorium,Building,0.8,27,0.66,0,0,
368,Bottle,Silver,Pathway near CSE,Pathway,0.6,14,0.97,1,0,
369,Keys,Red,Pathway near CSE,Pathway,0.6,29,0.6,0,0,
370,Keys,Blue,Library,Building,0.85,19,0.63,1,0,
371,Wallet,Red,Pathway near CSE,Pathway,0.6,3,0.63,4,1,2.0
372,ID Card,White,Clock Tower,Landmark,0.9,16,0.73,2,1,5.0
373,Phone,Blue,Bus Stop,Transit,0.75,14,0.45,2,0,
374,Bottle,Silver,Parking Area,Open Area,0.45,5,0.66,2,0,
375,ID Card,Green,Pathway near CSE,Pathway,0.6,24,0.6,0,0,
376,Bottle,Red,Auditorium,Building,0.8,20,0.3,2,0,
377,Phone,Black,Clock Tower,Landmark,0.9,17,0.43,0,0,
378,ID Card,Black,Bus Stop,Transit,0.75,27,0.73,4,1,1.0
379,Bottle,Blue,Library,Building,0.85,2,0.35,1,0,
380,Wallet,Black,Library,Building,0.85,30,0.99,1,1,1.0
381,Keys,Green,Canteen,Building,0.95,19,0.67,2,0,
382,Phone,Black,Parking Area,Open Area,0.45,12,0.99,5,1,1.0
383,ID Card,Blue,Bus Stop,Transit,0.75,22,0.82,0,0,
384,Keys,White,Parking Area,Open Area,0.45,2,0.61,5,1,2.0
385,Bag,Silver,Library,Building,0.85,0,0.71,1,1,1.0
386,Wallet,Blue,Library,Building,0.85,30,0.56,1,0,
387,Wallet,Blue,Canteen,Building,0.95,4,0.74,0,1,1.0
388,Phone,Silver,Auditorium,Building,0.8,17,0.62,0,0,
389,Bottle,Red,Bus Stop,Transit,0.75,10,0.46,3,0,
390,Bottle,Blue,Parking Area,Open Area,0.45,12,0.53,1,0,
391,Wallet,White,Auditorium,Building,0.8,19,0.91,1,1,1.0
392,Wallet,White,Pathway near CSE,Pathway,0.6,1,0.83,4,1,1.0
393,Keys,White,Canteen,Building,0.95,14,0.75,3,1,8.0
394,Keys,Green,Canteen,Building,0.95,17,0.53,4,0,
395,Bag,Blue,Library,Building,0.85,21,0.83,1,0,
396,Bag,Green,Auditorium,Building,0.8,9,0.81,2,1,1.0
397,Bottle,Silver,Pathway near CSE,Pathway,0.6,30,0.39,3,0,
398,Wallet,Silver,Canteen,Building,0.95,27,0.35,2,0,
399,Keys,Green,Auditorium,Building,0.8,11,0.85,4,1,1.0
400,Phone,White,Auditorium,Building,0.8,16,0.6,4,1,1.0
401,ID Card,Red,Auditorium,Building,0.8,5,0.77,2,1,4.0
402,Bottle,Blue,Auditorium,Building,0.8,13,0.58,3,0,
403,Wallet,Green,Library,Building,0.85,29,0.8,4,0,
404,Phone,Green,Parking Area,Open Area,0.45,11,0.38,1,0,
405,Phone,Black,Canteen,Building,0.95,0,0.85,1,1,1.0
406,Phone,White,Bus Stop,Transit,0.75,10,0.53,2,0,
407,Wallet,Red,Library,Building,0.85,29,0.83,1,0,
408,Keys,Blue,Auditorium,Building,0.8,22,0.96,2,1,3.0
409,Bottle,Red,Clock Tower,Landmark,0.9,0,0.44,1,0,
410,Wallet,Silver,Bus Stop,Transit,0.75,19,0.5,4,0,
411,Phone,Black,Canteen,Building,0.95,9,0.74,2,1,1.0
412,Wallet,Green,Bus Stop,Transit,0.75,25,0.87,3,1,2.0
413,Phone,Red,Auditorium,Building,0.8,28,0.99,0,1,2.0
414,Bottle,Red,Bus Stop,Transit,0.75,16,0.65,3,0,
415,Keys,Blue,Library,Building,0.85,13,0.59,2,1,1.0
416,ID Card,Blue,Parking Area,Open Area,0.45,13,0.85,4,1,1.0
417,Keys,Red,Parking Area,Open Area,0.45,11,0.62,1,0,
418,Bottle,Silver,Parking Area,Open Area,0.45,25,0.54,1,0,
419,Bottle,Red,Pathway near CSE,Pathway,0.6,27,0.73,3,0,
420,Keys,Green,Library,Building,0.85,8,0.8,2,1,2.0
421,ID Card,Red,Library,Building,0.85,7,0.47,1,0,
422,Keys,Red,Auditorium,Building,0.8,18,0.76,0,0,
423,ID Card,Blue,Clock Tower,Landmark,0.9,11,0.73,2,1,1.0
424,Keys,Blue,Auditorium,Building,0.8,24,0.38,3,0,
425,Keys,Green,Bus Stop,Transit,0.75,5,0.49,0,0,
426,Phone,White,Auditorium,Building,0.8,30,0.3,0,0,
427,ID Card,Blue,Clock Tower,Landmark,0.9,25,0.7,3,1,2.0
428,Phone,Black,Library,Building,0.85,16,0.99,1,1,2.0
429,Bottle,Green,Library,Building,0.85,1,0.68,1,1,5.0
430,Wallet,Black,Library,Building,0.85,27,0.66,1,0,
431,Keys,Black,Library,Building,0.85,3,0.65,1,1,1.0
432,Bag,Green,Bus Stop,Transit,0.75,14,0.98,0,1,1.0
433,Bag,Black,Canteen,Building,0.95,15,0.3,2,0,
434,ID Card,Silver,Library,Building,0.85,25,0.86,4,1,1.0
435,Bag,Red,Pathway near CSE,Pathway,0.6,19,0.86,3,1,2.0
436,Wallet,Silver,Library,Building,0.85,10,0.53,3,1,1.0
437,ID Card,White,Library,Building,0.85,9,0.62,2,1,1.0
438,Keys,Green,Canteen,Building,0.95,22,0.6,0,0,
439,Bag,Red,Bus Stop,Transit,0.75,27,0.78,0,0,
440,Bottle,Green,Library,Building,0.85,20,0.82,2,0,
441,Phone,Red,Bus Stop,Transit,0.75,20,0.51,2,0,
442,Bottle,White,Bus Stop,Transit,0.75,5,0.3,2,0,
443,Wallet,Silver,Bus Stop,Transit,0.75,25,0.81,0,0,
444,Wallet,Red,Canteen,Building,0.95,24,0.99,3,1,3.0
445,ID Card,Green,Parking Area,Open Area,0.45,1,0.58,1,1,3.0
446,Keys,Green,Library,Building,0.85,11,0.56,1,0,
447,Phone,Silver,Canteen,Building,0.95,16,0.64,3,1,1.0
448,ID Card,White,Library,Building,0.85,7,0.79,3,1,1.0
449,Phone,White,Canteen,Building,0.95,15,0.89,3,1,1.0
450,Bottle,Red,Library,Building,0.85,24,0.79,2,0,
451,Bag,Blue,Parking Area,Open Area,0.45,9,0.91,3,1,2.0
452,Bag,Blue,Clock Tower,Landmark,0.9,4,0.8,4,1,10.0
453,Bag,Blue,Bus Stop,Transit,0.75,14,0.64,2,0,
454,Keys,Black,Bus Stop,Transit,0.75,11,0.63,1,0,
455,Bottle,Silver,Library,Building,0.85,28,0.57,6,1,2.0
456,Wallet,White,Bus Stop,Transit,0.75,29,0.74,2,0,
457,Wallet,Black,Parking Area,Open Area,0.45,7,0.91,2,1,3.0
458,Wallet,Blue,Canteen,Building,0.95,25,0.99,2,1,1.0
459,ID Card,Silver,Parking Area,Open Area,0.45,11,0.52,3,0,
460,Bottle,Blue,Parking Area,Open Area,0.45,28,0.91,3,0,
461,ID Card,Green,Bus Stop,Transit,0.75,23,0.85,0,0,
462,Bag,Green,Auditorium,Building,0.8,18,0.8,1,0,
463,ID Card,White,Clock Tower,Landmark,0.9,14,0.58,3,1,4.0
464,Bottle,Black,Canteen,Building,0.95,28,0.33,3,0,
465,Bottle,White,Parking Area,Open Area,0.45,5,0.49,1,0,
466,Wallet,Green,Parking Area,Open Area,0.45,29,0.91,2,0,
467,Phone,Silver,Canteen,Building,0.95,9,0.61,3,1,1.0
468,ID Card,White,Canteen,Building,0.95,11,0.84,0,1,1.0
469,Bottle,Black,Auditorium,Building,0.8,2,0.79,4,1,5.0
470,Keys,Silver,Library,Building,0.85,4,0.73,2,1,1.0
471,Bottle,Silver,Clock Tower,Landmark,0.9,16,0.9,3,1,1.0
472,Bottle,Silver,Canteen,Building,0.95,5,0.68,0,0,
473,Keys,Silver,Library,Building,0.85,26,0.76,2,0,
474,Phone,Red,Clock Tower,Landmark,0.9,1,0.73,3,1,8.0
475,Bottle,Black,Bus Stop,Transit,0.75,6,0.53,3,0,
476,Bag,Silver,Bus Stop,Transit,0.75,0,0.9,2,1,1.0
477,Keys,Silver,Library,Building,0.85,20,0.7,2,0,
478,Bag,Blue,Auditorium,Building,0.8,25,0.65,2,0,
479,ID Card,Green,Clock Tower,Landmark,0.9,22,0.87,2,1,1.0
480,Bag,Green,Pathway near CSE,Pathway,0.6,14,0.99,1,1,2.0
481,Bottle,Blue,Library,Building,0.85,27,0.57,2,0,
482,Keys,Black,Pathway near CSE,Pathway,0.6,4,0.71,0,0,
483,Bottle,Silver,Clock Tower,Landmark,0.9,10,0.75,4,1,1.0
484,Phone,Black,Pathway near CSE,Pathway,0.6,7,0.82,4,1,2.0
485,Phone,Black,Pathway near CSE,Pathway,0.6,27,0.92,2,1,1.0
486,Wallet,Blue,Auditorium,Building,0.8,10,0.99,2,1,7.0
487,Keys,Black,Canteen,Building,0.95,24,0.97,2,1,1.0
488,Bottle,Green,Pathway near CSE,Pathway,0.6,28,0.81,2,0,
489,Phone,Red,Pathway near CSE,Pathway,0.6,16,0.62,3,0,
490,Wallet,Blue,Parking Area,Open Area,0.45,11,0.58,2,1,1.0
491,ID Card,Green,Parking Area,Open Area,0.45,28,0.64,3,0,
492,Keys,Green,Library,Building,0.85,17,0.56,2,1,2.0
493,Phone,Green,Canteen,Building,0.95,28,0.64,5,1,1.0
494,ID Card,Green,Library,Building,0.85,1,0.56,2,1,5.0
495,Bottle,Silver,Canteen,Building,0.95,11,0.84,4,1,2.0
496,Phone,Green,Parking Area,Open Area,0.45,14,0.98,0,0,
497,ID Card,Silver,Bus Stop,Transit,0.75,19,0.99,0,1,1.0
498,Phone,Green,Library,Building,0.85,25,0.86,2,1,1.0
499,Bottle,Black,Auditorium,Building,0.8,4,0.68,0,0,
500,Bottle,Green,Parking Area,Open Area,0.45,1,0.71,4,0,
501,Wallet,White,Library,Building,0.85,25,0.68,5,1,5.0
502,Bag,Blue,Parking Area,Open Area,0.45,28,0.7,0,0,
503,ID Card,Silver,Library,Building,0.85,5,0.49,0,0,
504,Bottle,White,Auditorium,Building,0.8,9,0.72,1,0,
505,Bottle,Silver,Parking Area,Open Area,0.45,15,0.99,0,0,
506,ID Card,Green,Auditorium,Building,0.8,0,0.61,0,1,2.0
507,Keys,Red,Pathway near CSE,Pathway,0.6,18,0.93,4,1,1.0
508,Keys,White,Bus Stop,Transit,0.75,0,0.54,2,1,4.0
509,ID Card,White,Auditorium,Building,0.8,24,0.75,2,1,2.0
510,Wallet,White,Clock Tower,Landmark,0.9,18,0.75,3,1,1.0
511,Bottle,White,Bus Stop,Transit,0.75,19,0.65,1,0,
512,Bag,Blue,Auditorium,Building,0.8,21,0.48,1,0,
513,Bottle,White,Clock Tower,Landmark,0.9,6,0.71,2,0,
514,ID Card,Green,Canteen,Building,0.95,13,0.67,1,1,2.0
515,Bag,Silver,Auditorium,Building,0.8,19,0.41,2,0,
516,Keys,White,Clock Tower,Landmark,0.9,22,0.93,1,1,1.0
517,Wallet,Silver,Library,Building,0.85,21,0.7,2,0,
518,Bag,Black,Canteen,Building,0.95,14,0.61,0,0,
519,ID Card,Silver,Library,Building,0.85,21,0.5,0,0,
520,Keys,White,Bus Stop,Transit,0.75,25,0.63,2,0,
521,Bottle,Green,Canteen,Building,0.95,30,0.68,4,0,
522,Bottle,Black,Canteen,Building,0.95,30,0.74,3,0,
523,ID Card,Black,Bus Stop,Transit,0.75,6,0.49,4,1,1.0
524,Bag,Black,Pathway near CSE,Pathway,0.6,11,0.73,1,0,
525,Keys,Black,Library,Building,0.85,3,0.67,3,1,2.0
526,Bottle,Green,Pathway near CSE,Pathway,0.6,26,0.62,1,0,
527,Wallet,Black,Clock Tower,Landmark,0.9,9,0.66,4,1,2.0
528,Phone,Black,Pathway near CSE,Pathway,0.6,20,0.99,1,1,1.0
529,Bag,Blue,Canteen,Building,0.95,26,0.99,4,1,5.0
530,Bottle,White,Library,Building,0.85,4,0.43,0,0,
531,Keys,Silver,Canteen,Building,0.95,7,0.63,4,1,1.0
532,Bottle,Blue,Bus Stop,Transit,0.75,7,0.75,4,1,1.0
533,Bag,Black,Bus Stop,Transit,0.75,15,0.82,2,1,2.0
534,Wallet,Red,Parking Area,Open Area,0.45,29,0.57,5,0,
535,Keys,Green,Pathway near CSE,Pathway,0.6,20,0.91,1,0,
536,ID Card,Black,Library,Building,0.85,20,0.66,3,1,6.0
537,Phone,White,Parking Area,Open Area,0.45,7,0.7,3,1,1.0
538,Keys,Red,Canteen,Building,0.95,13,0.63,2,0,
539,Wallet,Red,Auditorium,Building,0.8,12,0.87,1,1,3.0
540,Wallet,White,Auditorium,Building,0.8,29,0.79,2,0,
541,Phone,Red,Library,Building,0.85,18,0.84,4,1,1.0
542,ID Card,Black,Pathway near CSE,Pathway,0.6,20,0.84,0,0,
543,Bag,Blue,Auditorium,Building,0.8,16,0.4,0,0,
544,Wallet,Red,Library,Building,0.85,5,0.41,1,0,
545,Keys,Black,Bus Stop,Transit,0.75,5,0.36,0,1,1.0
546,ID Card,Black,Parking Area,Open Area,0.45,21,0.74,2,0,
547,Wallet,Silver,Auditorium,Building,0.8,20,0.67,1,0,
548,Bag,Silver,Library,Building,0.85,2,0.57,3,1,5.0
549,Phone,Blue,Canteen,Building,0.95,15,0.65,3,1,1.0
550,Wallet,Red,Library,Building,0.85,12,0.34,1,0,
551,ID Card,Black,Library,Building,0.85,18,0.7,3,1,2.0
552,Phone,Black,Bus Stop,Transit,0.75,11,0.88,3,1,2.0
553,Phone,White,Clock Tower,Landmark,0.9,14,0.49,2,0,
554,Bag,White,Parking Area,Open Area,0.45,29,0.71,1,0,
555,Keys,Black,Bus Stop,Transit,0.75,3,0.61,2,1,1.0
556,ID Card,Black,Parking Area,Open Area,0.45,7,0.73,0,0,
557,Wallet,Green,Canteen,Building,0.95,14,0.87,0,1,4.0
558,Bottle,Black,Pathway near CSE,Pathway,0.6,22,0.51,0,0,
559,Bag,Silver,Auditorium,Building,0.8,21,0.85,1,0,
560,Wallet,White,Auditorium,Building,0.8,19,0.54,1,0,
561,Phone,Silver,Pathway near CSE,Pathway,0.6,16,0.61,4,1,8.0
562,Phone,Silver,Clock Tower,Landmark,0.9,1,0.86,0,1,2.0
563,Bottle,Blue,Parking Area,Open Area,0.45,17,0.3,2,0,
564,ID Card,Silver,Pathway near CSE,Pathway,0.6,3,0.68,1,1,2.0
565,Keys,Silver,Pathway near CSE,Pathway,0.6,2,0.72,1,1,3.0
566,Bag,Red,Pathway near CSE,Pathway,0.6,4,0.74,1,1,1.0
567,Bag,Silver,Clock Tower,Landmark,0.9,17,0.7,2,0,
568,ID Card,White,Clock Tower,Landmark,0.9,12,0.81,2,1,3.0
569,Phone,White,Canteen,Building,0.95,18,0.92,2,1,1.0
570,Bag,Black,Bus Stop,Transit,0.75,2,0.64,2,1,2.0
571,Phone,Red,Pathway near CSE,Pathway,0.6,1,0.57,3,1,1.0
572,Wallet,Blue,Auditorium,Building,0.8,20,0.62,2,0,
573,Keys,Green,Library,Building,0.85,28,0.54,0,0,
574,Bag,Green,Clock Tower,Landmark,0.9,21,0.45,0,0,
575,Bottle,Blue,Bus Stop,Transit,0.75,27,0.39,1,0,
576,Wallet,Silver,Pathway near CSE,Pathway,0.6,16,0.72,1,0,
577,Wallet,Red,Auditorium,Building,0.8,0,0.66,2,1,1.0
578,Bag,White,Bus Stop,Transit,0.75,17,0.3,4,0,
579,Bag,Blue,Canteen,Building,0.95,14,0.83,2,1,1.0
580,ID Card,Blue,Bus Stop,Transit,0.75,24,0.83,2,1,1.0
581,Keys,Green,Parking Area,Open Area,0.45,24,0.72,1,0,
582,Phone,Blue,Canteen,Building,0.95,2,0.98,0,1,1.0
583,Phone,Green,Parking Area,Open Area,0.45,21,0.73,1,0,
584,Phone,Blue,Bus Stop,Transit,0.75,1,0.71,4,1,1.0
585,Wallet,Silver,Canteen,Building,0.95,24,0.68,2,0,
586,Phone,Blue,Parking Area,Open Area,0.45,9,0.4,6,1,1.0
587,Keys,Silver,Library,Building,0.85,18,0.58,1,0,
588,Keys,Black,Canteen,Building,0.95,9,0.59,2,0,
589,Keys,Silver,Canteen,Building,0.95,13,0.79,2,1,1.0
590,Phone,Silver,Parking Area,Open Area,0.45,28,0.91,2,0,
591,Wallet,White,Bus Stop,Transit,0.75,13,0.76,0,0,
592,Phone,Black,Bus Stop,Transit,0.75,21,0.81,1,0,
593,Bottle,Black,Bus Stop,Transit,0.75,13,0.55,0,0,
594,ID Card,Green,Canteen,Building,0.95,24,0.99,2,1,1.0
595,Wallet,Blue,Library,Building,0.85,27,0.6,2,0,
596,Bag,Red,Parking Area,Open Area,0.45,13,0.74,2,0,
597,Bottle,Silver,Canteen,Building,0.95,12,0.66,1,0,
598,Wallet,Black,Bus Stop,Transit,0.75,2,0.48,5,1,1.0
599,ID Card,Red,Parking Area,Open Area,0.45,23,0.41,2,0,
600,Phone,Black,Pathway near CSE,Pathway,0.6,21,0.78,2,0,
601,Phone,Red,Canteen,Building,0.95,25,0.78,1,1,1.0
602,Keys,White,Parking Area,Open Area,0.45,6,0.7,2,0,
603,ID Card,Black,Clock Tower,Landmark,0.9,6,0.53,3,1,1.0
604,Keys,Red,Bus Stop,Transit,0.75,24,0.79,2,0,
605,Wallet,White,Parking Area,Open Area,0.45,22,0.47,3,0,
606,Wallet,Silver,Library,Building,0.85,24,0.81,1,0,
607,Bag,Silver,Bus Stop,Transit,0.75,11,0.99,0,1,1.0
608,ID Card,Silver,Pathway near CSE,Pathway,0.6,14,0.66,3,1,3.0
609,Keys,Green,Auditorium,Building,0.8,26,0.46,5,0,
610,Wallet,Black,Library,Building,0.85,13,0.41,2,1,2.0
611,Wallet,White,Canteen,Building,0.95,0,0.57,1,1,1.0
612,Bottle,Silver,Bus Stop,Transit,0.75,13,0.59,1,0,
613,Wallet,Black,Canteen,Building,0.95,12,0.63,4,1,3.0
614,Wallet,Green,Parking Area,Open Area,0.45,20,0.82,1,0,
615,ID Card,Black,Auditorium,Building,0.8,26,0.67,3,1,2.0
616,Keys,White,Bus Stop,Transit,0.75,15,0.87,1,0,
617,Keys,Black,Canteen,Building,0.95,4,0.63,0,0,
618,Bag,Blue,Parking Area,Open Area,0.45,20,0.78,0,0,
619,Bottle,Red,Auditorium,Building,0.8,27,0.7,3,0,
620,Keys,Red,Auditorium,Building,0.8,0,0.83,3,1,5.0
621,Keys,Blue,Clock Tower,Landmark,0.9,22,0.38,1,0,
622,Wallet,Silver,Pathway near CSE,Pathway,0.6,11,0.76,0,0,
623,Keys,White,Parking Area,Open Area,0.45,29,0.82,0,0,
624,Bag,Red,Clock Tower,Landmark,0.9,17,0.3,2,0,
625,Phone,Red,Parking Area,Open Area,0.45,23,0.51,0,0,
626,ID Card,Red,Parking Area,Open Area,0.45,26,0.57,3,0,
627,Bag,Blue,Clock Tower,Landmark,0.9,29,0.82,1,0,
628,Wallet,Blue,Canteen,Building,0.95,19,0.78,3,1,1.0
629,ID Card,Black,Auditorium,Building,0.8,12,0.96,1,1,1.0
630,Bag,Green,Parking Area,Open Area,0.45,7,0.39,1,0,
631,Wallet,Black,Bus Stop,Transit,0.75,26,0.78,1,0,
632,Keys,White,Auditorium,Building,0.8,1,0.95,2,1,3.0
633,Bag,Green,Parking Area,Open Area,0.45,15,0.63,2,0,
634,Phone,White,Canteen,Building,0.95,2,0.75,6,1,3.0
635,Bag,White,Auditorium,Building,0.8,10,0.62,2,0,
636,Phone,Silver,Clock Tower,Landmark,0.9,7,0.82,5,1,7.0
637,Keys,Silver,Pathway near CSE,Pathway,0.6,8,0.3,1,1,3.0
638,Phone,White,Library,Building,0.85,28,0.69,1,0,
639,Keys,Red,Canteen,Building,0.95,29,0.43,4,0,
640,Phone,Blue,Parking Area,Open Area,0.45,4,0.64,3,1,4.0
641,Keys,Green,Clock Tower,Landmark,0.9,9,0.31,0,0,
642,Wallet,Silver,Auditorium,Building,0.8,27,0.9,2,1,1.0
643,Bottle,Black,Pathway near CSE,Pathway,0.6,24,0.77,2,0,
644,Keys,White,Clock Tower,Landmark,0.9,16,0.85,3,1,2.0
645,ID Card,Red,Clock Tower,Landmark,0.9,13,0.71,1,1,1.0
646,Phone,Black,Parking Area,Open Area,0.45,24,0.58,3,0,
647,Bottle,Green,Auditorium,Building,0.8,10,0.6,2,1,1.0
648,ID Card,Green,Pathway near CSE,Pathway,0.6,7,0.39,4,0,
649,Bag,Green,Canteen,Building,0.95,21,0.97,0,1,1.0
650,Bag,Red,Auditorium,Building,0.8,19,0.61,1,0,
651,Wallet,White,Clock Tower,Landmark,0.9,2,0.46,1,1,1.0
652,Bag,White,Auditorium,Building,0.8,20,0.71,3,0,
653,Bag,Black,Library,Building,0.85,3,0.43,1,0,
654,ID Card,Green,Library,Building,0.85,24,0.58,1,0,
655,Wallet,Red,Canteen,Building,0.95,13,0.74,1,1,1.0
656,Bottle,Silver,Pathway near CSE,Pathway,0.6,3,0.71,2,0,
657,ID Card,Silver,Clock Tower,Landmark,0.9,19,0.99,2,1,8.0
658,ID Card,Green,Clock Tower,Landmark,0.9,9,0.94,2,1,2.0
659,Phone,White,Parking Area,Open Area,0.45,28,0.5,3,0,
660,Wallet,Silver,Parking Area,Open Area,0.45,5,0.53,2,0,
661,Wallet,Blue,Library,Building,0.85,9,0.66,3,1,1.0
662,Wallet,Red,Canteen,Building,0.95,13,0.75,2,1,7.0
663,ID Card,Green,Auditorium,Building,0.8,2,0.9,1,1,9.0
664,Wallet,White,Bus Stop,Transit,0.75,15,0.64,0,0,
665,Wallet,Green,Clock Tower,Landmark,0.9,4,0.7,0,1,3.0
666,Bag,Black,Auditorium,Building,0.8,19,0.67,2,0,
667,ID Card,Green,Library,Building,0.85,13,0.99,0,1,2.0
668,Keys,Silver,Canteen,Building,0.95,9,0.61,2,1,3.0
669,Keys,Blue,Pathway near CSE,Pathway,0.6,10,0.76,0,0,
670,Bag,Black,Library,Building,0.85,23,0.8,1,0,
671,Bag,Silver,Auditorium,Building,0.8,7,0.54,0,0,
672,ID Card,Green,Library,Building,0.85,3,0.55,4,1,7.0
673,Wallet,Silver,Parking Area,Open Area,0.45,5,0.77,3,1,2.0
674,Bottle,Red,Bus Stop,Transit,0.75,14,0.78,3,1,1.0
675,Wallet,Green,Auditorium,Building,0.8,9,0.73,2,1,5.0
676,Phone,Green,Bus Stop,Transit,0.75,15,0.84,4,1,3.0
677,ID Card,Blue,Library,Building,0.85,21,0.41,2,0,
678,Bag,Green,Clock Tower,Landmark,0.9,14,0.33,2,0,
679,Bag,Silver,Pathway near CSE,Pathway,0.6,17,0.58,2,0,
680,Keys,Green,Parking Area,Open Area,0.45,1,0.7,3,1,1.0
681,ID Card,White,Auditorium,Building,0.8,17,0.8,3,1,1.0
682,Phone,Red,Auditorium,Building,0.8,7,0.51,1,0,
683,ID Card,Blue,Bus Stop,Transit,0.75,19,0.99,1,0,
684,Keys,White,Bus Stop,Transit,0.75,12,0.92,5,1,1.0
685,ID Card,Green,Clock Tower,Landmark,0.9,0,0.83,1,1,1.0
686,Wallet,Silver,Bus Stop,Transit,0.75,16,0.7,2,0,
687,Keys,Silver,Canteen,Building,0.95,14,0.78,5,1,2.0
688,Bag,White,Parking Area,Open Area,0.45,22,0.85,1,0,
689,ID Card,Red,Pathway near CSE,Pathway,0.6,3,0.62,1,1,3.0
690,Phone,Red,Auditorium,Building,0.8,30,0.65,2,0,
691,ID Card,Black,Library,Building,0.85,14,0.57,0,0,
692,Bottle,Green,Library,Building,0.85,15,0.47,1,0,
693,Keys,White,Pathway near CSE,Pathway,0.6,10,0.44,0,0,
694,Phone,White,Clock Tower,Landmark,0.9,0,0.81,1,1,1.0
695,Keys,Red,Bus Stop,Transit,0.75,25,0.72,2,0,
696,Keys,Blue,Parking Area,Open Area,0.45,5,0.78,3,1,1.0
697,ID Card,Silver,Pathway near CSE,Pathway,0.6,30,0.88,2,1,2.0
698,Bag,White,Canteen,Building,0.95,5,0.66,0,1,1.0
699,Bag,Green,Clock Tower,Landmark,0.9,23,0.78,1,0,
700,Wallet,Green,Parking Area,Open Area,0.45,13,0.55,2,0,
701,Keys,Blue,Canteen,Building,0.95,8,0.65,1,0,
702,Phone,Silver,Clock Tower,Landmark,0.9,25,0.69,3,1,1.0
703,Wallet,Black,Library,Building,0.85,6,0.92,3,1,3.0
704,ID Card,White,Auditorium,Building,0.8,15,0.72,1,0,
705,Keys,Black,Parking Area,Open Area,0.45,12,0.56,3,0,
706,Bottle,Red,Library,Building,0.85,11,0.69,0,0,
707,Bottle,Blue,Auditorium,Building,0.8,21,0.65,2,0,
708,ID Card,Silver,Parking Area,Open Area,0.45,2,0.87,1,1,1.0
709,ID Card,Red,Canteen,Building,0.95,9,0.65,3,1,1.0
710,ID Card,White,Canteen,Building,0.95,16,0.94,1,1,1.0
711,Bottle,Blue,Parking Area,Open Area,0.45,12,0.99,2,0,
712,Bag,White,Parking Area,Open Area,0.45,22,0.65,2,0,
713,Wallet,Silver,Canteen,Building,0.95,15,0.75,0,0,
714,Wallet,Black,Auditorium,Building,0.8,14,0.97,5,1,1.0
715,ID Card,Red,Pathway near CSE,Pathway,0.6,4,0.89,1,1,1.0
716,Bag,Silver,Parking Area,Open Area,0.45,20,0.97,6,1,2.0
717,Keys,Green,Pathway near CSE,Pathway,0.6,22,0.68,2,0,
718,Bag,Blue,Clock Tower,Landmark,0.9,18,0.48,1,1,1.0
719,Wallet,Black,Clock Tower,Landmark,0.9,8,0.85,1,1,1.0
720,ID Card,Blue,Auditorium,Building,0.8,14,0.67,4,1,1.0
721,Bag,Silver,Parking Area,Open Area,0.45,3,0.5,3,0,
722,ID Card,Silver,Auditorium,Building,0.8,11,0.86,1,1,1.0
723,Phone,White,Pathway near CSE,Pathway,0.6,17,0.43,4,0,
724,Bag,Red,Bus Stop,Transit,0.75,26,0.81,0,0,
725,Wallet,Black,Auditorium,Building,0.8,1,0.53,1,1,1.0
726,ID Card,Red,Pathway near CSE,Pathway,0.6,27,0.96,0,0,
727,Wallet,Blue,Auditorium,Building,0.8,23,0.64,1,0,
728,ID Card,White,Parking Area,Open Area,0.45,20,0.79,4,1,5.0
729,Bottle,Blue,Auditorium,Building,0.8,6,0.62,1,0,
730,Phone,Silver,Library,Building,0.85,17,0.82,0,0,
731,Bottle,Blue,Library,Building,0.85,22,0.84,3,1,1.0
732,Bottle,Black,Auditorium,Building,0.8,16,0.81,0,0,
733,Keys,Red,Canteen,Building,0.95,30,0.69,3,0,
734,Bag,Red,Library,Building,0.85,27,0.68,1,0,
735,Keys,Blue,Canteen,Building,0.95,4,0.81,1,1,4.0
736,Wallet,White,Pathway near CSE,Pathway,0.6,15,0.94,4,1,2.0
737,Keys,Black,Bus Stop,Transit,0.75,13,0.99,1,1,2.0
738,Phone,White,Auditorium,Building,0.8,28,0.61,4,1,13.0
739,Bag,Silver,Bus Stop,Transit,0.75,8,0.81,1,1,1.0
740,ID Card,Green,Pathway near CSE,Pathway,0.6,10,0.86,4,1,1.0
741,Keys,Red,Bus Stop,Transit,0.75,14,0.9,2,1,2.0
742,Keys,Black,Auditorium,Building,0.8,2,0.89,1,1,3.0
743,Bag,Blue,Pathway near CSE,Pathway,0.6,26,0.99,2,1,3.0
744,ID Card,Black,Auditorium,Building,0.8,9,0.6,6,1,1.0
745,Bottle,Blue,Parking Area,Open Area,0.45,27,0.74,3,0,
746,ID Card,White,Auditorium,Building,0.8,1,0.49,1,0,
747,Keys,Green,Clock Tower,Landmark,0.9,3,0.69,0,1,2.0
748,Wallet,Green,Pathway near CSE,Pathway,0.6,0,0.62,3,1,4.0
749,Bag,Blue,Bus Stop,Transit,0.75,29,0.67,4,0,
750,Keys,Black,Canteen,Building,0.95,27,0.74,5,1,1.0
751,ID Card,Red,Bus Stop,Transit,0.75,11,0.76,1,1,1.0
752,ID Card,White,Bus Stop,Transit,0.75,5,0.76,0,1,1.0
753,Keys,Black,Bus Stop,Transit,0.75,22,0.67,1,0,
754,Bag,White,Clock Tower,Landmark,0.9,22,0.42,1,0,
755,Wallet,Green,Clock Tower,Landmark,0.9,4,0.69,2,1,1.0
756,Bottle,White,Pathway near CSE,Pathway,0.6,0,0.79,1,0,
757,ID Card,Red,Auditorium,Building,0.8,13,0.56,1,0,
758,Bag,Red,Canteen,Building,0.95,12,0.47,2,0,
759,Phone,Red,Library,Building,0.85,11,0.86,1,1,1.0
760,Wallet,Green,Auditorium,Building,0.8,26,0.63,3,0,
761,Wallet,White,Bus Stop,Transit,0.75,4,0.73,1,1,1.0
762,Bottle,Red,Parking Area,Open Area,0.45,20,0.99,1,0,
763,ID Card,White,Canteen,Building,0.95,20,0.36,1,0,
764,Bag,Silver,Bus Stop,Transit,0.75,14,0.63,3,0,
765,Phone,Red,Canteen,Building,0.95,24,0.9,3,1,11.0
766,Keys,Green,Library,Building,0.85,30,0.82,2,0,
767,Wallet,Blue,Library,Building,0.85,20,0.99,3,1,4.0
768,Bottle,Silver,Parking Area,Open Area,0.45,23,0.69,1,0,
769,Keys,Red,Auditorium,Building,0.8,27,0.98,0,0,
770,ID Card,Blue,Parking Area,Open Area,0.45,19,0.65,2,0,
771,Keys,Green,Library,Building,0.85,20,0.99,2,1,2.0
772,Wallet,Green,Pathway near CSE,Pathway,0.6,3,0.99,2,1,2.0
773,Keys,Silver,Clock Tower,Landmark,0.9,16,0.59,1,0,
774,Phone,Black,Library,Building,0.85,4,0.55,4,1,1.0
775,Bottle,Green,Library,Building,0.85,17,0.92,1,0,
776,Bag,Red,Clock Tower,Landmark,0.9,18,0.61,3,0,
777,ID Card,Blue,Clock Tower,Landmark,0.9,29,0.5,2,0,
778,Bag,Silver,Library,Building,0.85,20,0.82,1,0,
779,Bag,Green,Bus Stop,Transit,0.75,12,0.75,2,1,1.0
780,Bottle,Silver,Parking Area,Open Area,0.45,4,0.77,1,0,
781,ID Card,Red,Parking Area,Open Area,0.45,29,0.85,0,0,
782,Wallet,Silver,Library,Building,0.85,12,0.7,1,1,1.0
783,Keys,White,Bus Stop,Transit,0.75,2,0.69,2,1,1.0
784,Bag,White,Auditorium,Building,0.8,7,0.86,4,1,4.0
785,Phone,Green,Clock Tower,Landmark,0.9,14,0.59,4,1,1.0
786,Phone,Black,Bus Stop,Transit,0.75,23,0.5,0,0,
787,Wallet,Red,Clock Tower,Landmark,0.9,22,0.32,1,0,
788,Phone,Blue,Pathway near CSE,Pathway,0.6,30,0.99,0,0,
789,Bottle,White,Library,Building,0.85,5,0.42,0,0,
790,Keys,Black,Bus Stop,Transit,0.75,28,0.65,1,0,
791,Phone,Black,Auditorium,Building,0.8,13,0.43,1,0,
792,Phone,Black,Bus Stop,Transit,0.75,18,0.84,3,1,3.0
793,Bag,Green,Parking Area,Open Area,0.45,11,0.84,3,1,1.0
794,Bottle,Blue,Library,Building,0.85,5,0.5,3,0,
795,Phone,Silver,Bus Stop,Transit,0.75,23,0.66,4,1,2.0
796,Keys,Silver,Clock Tower,Landmark,0.9,1,0.69,5,1,1.0
797,Phone,Blue,Clock Tower,Landmark,0.9,15,0.88,3,1,1.0
798,Wallet,Blue,Auditorium,Building,0.8,1,0.89,1,1,1.0
799,Keys,White,Bus Stop,Transit,0.75,13,0.62,1,0,
800,Wallet,Green,Bus Stop,Transit,0.75,10,0.49,0,0,
801,Phone,Silver,Library,Building,0.85,3,0.76,2,1,1.0
802,Phone,Blue,Canteen,Building,0.95,25,0.49,1,0,
803,Phone,Green,Clock Tower,Landmark,0.9,28,0.92,5,1,1.0
804,ID Card,Black,Library,Building,0.85,2,0.84,2,1,1.0
805,Phone,Black,Canteen,Building,0.95,9,0.65,2,1,1.0
806,ID Card,White,Parking Area,Open Area,0.45,7,0.81,2,1,1.0
807,Bottle,Green,Auditorium,Building,0.8,24,0.74,2,0,
808,Bottle,Blue,Canteen,Building,0.95,0,0.99,2,1,1.0
809,Phone,Blue,Parking Area,Open Area,0.45,11,0.86,4,1,2.0
810,Keys,Red,Library,Building,0.85,0,0.72,3,1,1.0
811,Bag,White,Bus Stop,Transit,0.75,9,0.78,0,0,
812,Bottle,Blue,Pathway near CSE,Pathway,0.6,15,0.79,2,0,
813,Wallet,White,Library,Building,0.85,2,0.73,1,0,
814,Wallet,Silver,Pathway near CSE,Pathway,0.6,22,0.58,2,0,
815,Bag,White,Clock Tower,Landmark,0.9,18,0.75,4,1,8.0
816,Wallet,White,Auditorium,Building,0.8,12,0.48,2,0,
817,Bottle,Red,Pathway near CSE,Pathway,0.6,21,0.72,1,0,
818,Wallet,Black,Library,Building,0.85,27,0.65,2,0,
819,Bag,White,Auditorium,Building,0.8,23,0.89,3,1,4.0
820,Bag,Black,Canteen,Building,0.95,2,0.62,1,1,1.0
821,Wallet,Silver,Clock Tower,Landmark,0.9,4,0.43,2,1,4.0
822,Bag,Green,Library,Building,0.85,13,0.3,3,0,
823,ID Card,Blue,Pathway near CSE,Pathway,0.6,9,0.73,1,1,1.0
824,Phone,Red,Canteen,Building,0.95,25,0.78,1,1,2.0
825,Keys,White,Parking Area,Open Area,0.45,1,0.71,1,0,
826,ID Card,Blue,Clock Tower,Landmark,0.9,22,0.78,1,1,2.0
827,ID Card,Green,Parking Area,Open Area,0.45,1,0.73,0,1,1.0
828,ID Card,Blue,Clock Tower,Landmark,0.9,30,0.79,4,1,1.0
829,Bag,Silver,Bus Stop,Transit,0.75,17,0.62,2,0,
830,Bag,Red,Auditorium,Building,0.8,25,0.65,1,0,
831,Phone,Red,Auditorium,Building,0.8,24,0.48,1,0,
832,Wallet,Blue,Auditorium,Building,0.8,12,0.63,0,0,
833,Keys,White,Clock Tower,Landmark,0.9,18,0.48,2,0,
834,Phone,Red,Clock Tower,Landmark,0.9,6,0.65,3,1,5.0
835,Bag,Blue,Clock Tower,Landmark,0.9,28,0.95,3,1,1.0
836,ID Card,Red,Clock Tower,Landmark,0.9,30,0.96,2,1,4.0
837,Wallet,Silver,Pathway near CSE,Pathway,0.6,26,0.92,3,1,4.0
838,Bag,Red,Pathway near CSE,Pathway,0.6,21,0.73,2,0,
839,ID Card,Blue,Canteen,Building,0.95,8,0.37,0,0,
840,Wallet,Red,Parking Area,Open Area,0.45,19,0.84,1,0,
841,Keys,Black,Pathway near CSE,Pathway,0.6,13,0.97,4,1,3.0
842,Bag,Red,Clock Tower,Landmark,0.9,8,0.58,2,1,2.0
843,Bag,Blue,Bus Stop,Transit,0.75,28,0.93,0,0,
844,Wallet,White,Auditorium,Building,0.8,17,0.9,2,1,1.0
845,Bag,White,Library,Building,0.85,15,0.78,1,0,
846,Bag,Black,Parking Area,Open Area,0.45,16,0.36,1,0,
847,ID Card,Blue,Clock Tower,Landmark,0.9,10,0.77,0,1,1.0
848,Phone,Black,Clock Tower,Landmark,0.9,25,0.75,0,0,
849,Bottle,Black,Auditorium,Building,0.8,18,0.5,1,0,
850,Wallet,Red,Canteen,Building,0.95,21,0.76,2,1,1.0
851,Bottle,White,Clock Tower,Landmark,0.9,24,0.59,0,0,
852,Wallet,Silver,Auditorium,Building,0.8,25,0.68,2,0,
853,Wallet,Blue,Canteen,Building,0.95,18,0.67,2,1,2.0
854,Keys,White,Library,Building,0.85,29,0.71,3,0,
855,Keys,White,Library,Building,0.85,30,0.52,3,0,
856,Wallet,Silver,Canteen,Building,0.95,26,0.87,3,1,1.0
857,Bag,Silver,Library,Building,0.85,5,0.68,2,1,1.0
858,Phone,Red,Canteen,Building,0.95,19,0.54,1,0,
859,Bottle,Green,Clock Tower,Landmark,0.9,10,0.3,1,0,
860,Wallet,Blue,Library,Building,0.85,22,0.63,1,0,
861,ID Card,Red,Clock Tower,Landmark,0.9,4,0.94,1,1,1.0
862,Wallet,Red,Auditorium,Building,0.8,16,0.76,1,0,
863,Phone,Black,Bus Stop,Transit,0.75,30,0.99,0,0,
864,Bottle,Red,Library,Building,0.85,9,0.54,0,0,
865,Wallet,White,Pathway near CSE,Pathway,0.6,25,0.98,1,0,
866,Bag,White,Library,Building,0.85,5,0.55,3,1,1.0
867,Bottle,White,Parking Area,Open Area,0.45,25,0.44,4,0,
868,Keys,Silver,Auditorium,Building,0.8,5,0.61,1,0,
869,Keys,White,Library,Building,0.85,4,0.95,1,1,12.0
870,Phone,White,Parking Area,Open Area,0.45,12,0.49,3,0,
871,Bottle,Red,Canteen,Building,0.95,19,0.86,2,1,2.0
872,Bottle,Blue,Bus Stop,Transit,0.75,18,0.99,2,1,2.0
873,Bag,Blue,Library,Building,0.85,23,0.63,5,1,4.0
874,ID Card,Black,Canteen,Building,0.95,20,0.78,0,0,
875,Phone,White,Bus Stop,Transit,0.75,20,0.53,3,0,
876,ID Card,Green,Clock Tower,Landmark,0.9,8,0.58,0,0,
877,Keys,Red,Library,Building,0.85,8,0.62,4,1,1.0
878,Keys,Red,Clock Tower,Landmark,0.9,12,0.86,2,1,2.0
879,Bag,Blue,Pathway near CSE,Pathway,0.6,15,0.81,2,0,
880,ID Card,Silver,Pathway near CSE,Pathway,0.6,3,0.46,0,0,
881,Bottle,White,Auditorium,Building,0.8,21,0.89,0,0,
882,Bag,Red,Auditorium,Building,0.8,27,0.76,2,1,6.0
883,Phone,Black,Library,Building,0.85,30,0.62,0,0,
884,ID Card,Blue,Pathway near CSE,Pathway,0.6,5,0.34,0,0,
885,Bottle,Red,Library,Building,0.85,19,0.51,1,0,
886,Bag,White,Clock Tower,Landmark,0.9,13,0.99,3,1,5.0
887,Wallet,Silver,Pathway near CSE,Pathway,0.6,5,0.99,1,1,1.0
888,ID Card,Blue,Canteen,Building,0.95,13,0.99,3,1,1.0
889,Keys,White,Parking Area,Open Area,0.45,8,0.52,5,0,
890,ID Card,Blue,Clock Tower,Landmark,0.9,1,0.89,2,1,1.0
891,Bottle,Green,Canteen,Building,0.95,1,0.82,2,1,3.0
892,Bag,Red,Library,Building,0.85,26,0.5,2,0,
893,Bottle,Green,Canteen,Building,0.95,3,0.54,0,1,4.0
894,Wallet,White,Library,Building,0.85,2,0.63,2,1,1.0
895,Phone,Black,Auditorium,Building,0.8,12,0.86,0,1,1.0
896,Keys,Black,Clock Tower,Landmark,0.9,20,0.83,2,1,1.0
897,Wallet,Black,Pathway near CSE,Pathway,0.6,11,0.91,3,1,1.0
898,Phone,Black,Pathway near CSE,Pathway,0.6,14,0.72,2,0,
899,ID Card,Silver,Clock Tower,Landmark,0.9,4,0.64,1,1,1.0
900,Keys,Red,Clock Tower,Landmark,0.9,21,0.66,5,1,4.0
901,Bottle,Green,Auditorium,Building,0.8,18,0.48,3,0,
902,Phone,Green,Auditorium,Building,0.8,16,0.51,0,0,
903,Bottle,White,Auditorium,Building,0.8,29,0.53,5,0,
904,Wallet,Green,Library,Building,0.85,2,0.76,2,1,1.0
905,Keys,Red,Parking Area,Open Area,0.45,18,0.62,2,0,
906,Bottle,White,Parking Area,Open Area,0.45,4,0.39,0,0,
907,Bag,Blue,Canteen,Building,0.95,6,0.99,1,1,1.0
908,Wallet,Red,Pathway near CSE,Pathway,0.6,2,0.58,0,0,
909,Bag,Blue,Auditorium,Building,0.8,20,0.91,2,1,1.0
910,Bottle,Black,Library,Building,0.85,29,0.99,2,1,1.0
911,Phone,Red,Pathway near CSE,Pathway,0.6,17,0.85,3,1,2.0
912,ID Card,Black,Parking Area,Open Area,0.45,14,0.74,1,0,
913,Phone,White,Parking Area,Open Area,0.45,18,0.79,2,0,
914,Bag,Red,Pathway near CSE,Pathway,0.6,4,0.99,1,1,3.0
915,Bottle,Silver,Auditorium,Building,0.8,30,0.52,3,0,
916,Phone,Silver,Auditorium,Building,0.8,3,0.92,2,1,1.0
917,Bottle,Black,Pathway near CSE,Pathway,0.6,8,0.78,1,0,
918,Bag,Silver,Parking Area,Open Area,0.45,15,0.71,2,1,2.0
919,ID Card,Green,Canteen,Building,0.95,19,0.49,0,0,
920,Keys,Green,Clock Tower,Landmark,0.9,12,0.4,3,0,
921,ID Card,White,Canteen,Building,0.95,1,0.99,0,1,4.0
922,ID Card,Black,Clock Tower,Landmark,0.9,10,0.56,3,1,1.0
923,ID Card,Black,Library,Building,0.85,26,0.96,2,1,1.0
924,Keys,White,Clock Tower,Landmark,0.9,27,0.99,1,1,1.0
925,ID Card,White,Pathway near CSE,Pathway,0.6,24,0.71,3,0,
926,ID Card,White,Pathway near CSE,Pathway,0.6,19,0.58,2,0,
927,Wallet,Green,Canteen,Building,0.95,29,0.86,1,1,1.0
928,Keys,Green,Auditorium,Building,0.8,16,0.73,1,0,
929,Phone,Silver,Auditorium,Building,0.8,5,0.56,4,1,1.0
930,Keys,Silver,Pathway near CSE,Pathway,0.6,4,0.73,3,1,7.0
931,Bottle,Silver,Clock Tower,Landmark,0.9,5,0.78,5,1,1.0
932,Wallet,Red,Canteen,Building,0.95,1,0.3,1,0,
933,ID Card,White,Canteen,Building,0.95,8,0.59,0,0,
934,Bag,Silver,Pathway near CSE,Pathway,0.6,20,0.85,2,0,
935,Keys,Red,Canteen,Building,0.95,11,0.72,2,1,1.0
936,Bag,Blue,Auditorium,Building,0.8,15,0.59,0,0,
937,ID Card,Black,Canteen,Building,0.95,26,0.78,3,1,4.0
938,Keys,White,Clock Tower,Landmark,0.9,9,0.78,3,0,
939,Phone,Blue,Auditorium,Building,0.8,18,0.71,1,0,
940,Wallet,Blue,Bus Stop,Transit,0.75,7,0.8,2,1,1.0
941,ID Card,White,Pathway near CSE,Pathway,0.6,16,0.95,1,0,
942,Keys,Red,Pathway near CSE,Pathway,0.6,29,0.8,1,0,
943,Wallet,Silver,Auditorium,Building,0.8,0,0.48,1,1,1.0
944,Bottle,Black,Bus Stop,Transit,0.75,30,0.66,0,0,
945,ID Card,Green,Pathway near CSE,Pathway,0.6,27,0.75,3,0,
946,ID Card,Blue,Pathway near CSE,Pathway,0.6,9,0.3,1,0,
947,Bottle,Green,Parking Area,Open Area,0.45,3,0.72,4,0,
948,Keys,Black,Parking Area,Open Area,0.45,20,0.57,0,0,
949,ID Card,Black,Bus Stop,Transit,0.75,3,0.99,0,1,7.0
950,ID Card,Black,Bus Stop,Transit,0.75,10,0.81,2,1,1.0
951,ID Card,White,Bus Stop,Transit,0.75,30,0.41,4,0,
952,ID Card,Blue,Canteen,Building,0.95,16,0.72,2,1,1.0
953,Phone,Silver,Pathway near CSE,Pathway,0.6,21,0.91,2,1,1.0
954,Wallet,White,Clock Tower,Landmark,0.9,20,0.95,1,1,1.0
955,ID Card,Black,Pathway near CSE,Pathway,0.6,12,0.72,2,1,1.0
956,Phone,Silver,Bus Stop,Transit,0.75,18,0.79,0,0,
957,ID Card,White,Bus Stop,Transit,0.75,7,0.79,4,1,1.0
958,Keys,Green,Bus Stop,Transit,0.75,11,0.6,3,0,
959,Wallet,White,Parking Area,Open Area,0.45,5,0.71,1,0,
960,Bag,Blue,Bus Stop,Transit,0.75,8,0.71,2,1,4.0
961,Bottle,Blue,Bus Stop,Transit,0.75,28,0.92,5,1,2.0
962,Phone,Blue,Library,Building,0.85,7,0.54,1,0,
963,ID Card,Green,Auditorium,Building,0.8,28,0.3,2,0,
964,ID Card,Silver,Library,Building,0.85,14,0.9,2,1,1.0
965,Bag,Red,Auditorium,Building,0.8,20,0.6,3,0,
966,Bottle,Red,Pathway near CSE,Pathway,0.6,28,0.49,2,0,
967,Phone,White,Pathway near CSE,Pathway,0.6,16,0.99,1,1,3.0
968,Phone,Blue,Canteen,Building,0.95,6,0.46,0,0,
969,Bottle,Green,Canteen,Building,0.95,10,0.92,2,1,2.0
970,Wallet,Red,Pathway near CSE,Pathway,0.6,10,0.59,4,1,1.0
971,Wallet,Black,Bus Stop,Transit,0.75,1,0.99,2,0,
972,ID Card,Blue,Auditorium,Building,0.8,24,0.43,2,0,
973,Wallet,Green,Auditorium,Building,0.8,24,0.71,2,0,
974,Wallet,Silver,Pathway near CSE,Pathway,0.6,20,0.64,0,0,
975,Bag,Green,Pathway near CSE,Pathway,0.6,0,0.85,3,0,
976,Wallet,White,Library,Building,0.85,30,0.99,0,0,
977,ID Card,Silver,Canteen,Building,0.95,0,0.74,5,1,2.0
978,Keys,White,Canteen,Building,0.95,7,0.89,1,1,1.0
979,ID Card,Black,Canteen,Building,0.95,3,0.55,3,1,1.0
980,Bottle,Black,Canteen,Building,0.95,2,0.51,0,0,
981,ID Card,Black,Pathway near CSE,Pathway,0.6,23,0.71,1,0,
982,Bottle,Black,Pathway near CSE,Pathway,0.6,28,0.47,2,0,
983,Wallet,Black,Pathway near CSE,Pathway,0.6,11,0.94,2,1,1.0
984,Wallet,Green,Clock Tower,Landmark,0.9,7,0.91,4,1,6.0
985,Wallet,Blue,Bus Stop,Transit,0.75,0,0.82,0,1,1.0
986,Wallet,Red,Library,Building,0.85,22,0.63,2,0,
987,Phone,Green,Bus Stop,Transit,0.75,8,0.99,3,1,1.0
988,Bottle,Red,Parking Area,Open Area,0.45,1,0.7,2,1,6.0
989,Keys,Red,Clock Tower,Landmark,0.9,22,0.88,4,1,2.0
990,Bag,Green,Clock Tower,Landmark,0.9,17,0.57,2,0,
991,Keys,Blue,Canteen,Building,0.95,22,0.34,3,0,
992,Phone,Black,Pathway near CSE,Pathway,0.6,21,0.71,1,0,
993,Bottle,Black,Parking Area,Open Area,0.45,19,0.81,5,0,
994,Bag,Red,Parking Area,Open Area,0.45,23,0.59,2,0,
995,ID Card,Red,Auditorium,Building,0.8,3,0.7,0,1,1.0
996,Bottle,Blue,Auditorium,Building,0.8,8,0.57,3,0,
997,Wallet,Black,Bus Stop,Transit,0.75,13,0.6,4,1,2.0
998,Phone,Silver,Pathway near CSE,Pathway,0.6,29,0.78,1,0,
999,Bag,Black,Canteen,Building,0.95,0,0.88,1,0,
1000,Phone,Red,Auditorium,Building,0.8,18,0.59,4,1,7.0
1001,Wallet,Red,Auditorium,Building,0.8,16,0.85,0,0,
1002,Keys,Red,Library,Building,0.85,20,0.62,3,0,
1003,ID Card,Black,Pathway near CSE,Pathway,0.6,1,0.69,0,1,3.0
1004,Wallet,Red,Auditorium,Building,0.8,9,0.71,3,1,4.0
1005,Keys,Black,Pathway near CSE,Pathway,0.6,23,0.46,3,0,
1006,Phone,Red,Auditorium,Building,0.8,4,0.74,3,1,4.0
1007,Wallet,Black,Library,Building,0.85,28,0.92,3,1,1.0
1008,Bottle,Black,Bus Stop,Transit,0.75,2,0.89,1,1,8.0
1009,ID Card,Blue,Clock Tower,Landmark,0.9,12,0.89,1,1,7.0
1010,Bag,Black,Auditorium,Building,0.8,12,0.96,2,1,1.0
1011,Bag,Green,Bus Stop,Transit,0.75,28,0.7,2,0,
1012,Phone,Blue,Bus Stop,Transit,0.75,23,0.65,2,0,
1013,Wallet,Red,Pathway near CSE,Pathway,0.6,29,0.7,1,0,
1014,Bottle,White,Pathway near CSE,Pathway,0.6,5,0.89,2,1,2.0
1015,ID Card,Silver,Clock Tower,Landmark,0.9,27,0.42,2,0,
1016,Keys,Blue,Pathway near CSE,Pathway,0.6,29,0.99,3,1,1.0
1017,Bag,Green,Clock Tower,Landmark,0.9,2,0.72,3,1,6.0
1018,ID Card,Red,Bus Stop,Transit,0.75,27,0.99,1,1,1.0
1019,Keys,Silver,Bus Stop,Transit,0.75,18,0.45,0,0,
1020,Keys,Black,Parking Area,Open Area,0.45,16,0.63,3,0,
1021,Bottle,Red,Pathway near CSE,Pathway,0.6,21,0.76,1,0,
1022,Bag,Black,Bus Stop,Transit,0.75,21,0.73,2,0,
1023,Wallet,Silver,Parking Area,Open Area,0.45,1,0.96,0,0,
1024,Wallet,Silver,Auditorium,Building,0.8,15,0.85,0,0,
1025,Wallet,Red,Auditorium,Building,0.8,15,0.68,2,1,2.0
1026,ID Card,Black,Clock Tower,Landmark,0.9,16,0.62,3,1,3.0
1027,Keys,Green,Pathway near CSE,Pathway,0.6,26,0.75,3,0,
1028,Bag,Green,Auditorium,Building,0.8,18,0.7,3,1,3.0
1029,Bag,Green,Library,Building,0.85,3,0.44,3,1,1.0
1030,Keys,White,Clock Tower,Landmark,0.9,3,0.61,1,1,1.0
1031,Phone,Silver,Parking Area,Open Area,0.45,0,0.74,1,1,1.0
1032,Bottle,Silver,Bus Stop,Transit,0.75,9,0.46,3,0,
1033,Bottle,Blue,Bus Stop,Transit,0.75,21,0.67,1,0,
1034,ID Card,Black,Auditorium,Building,0.8,1,0.64,1,1,1.0
1035,Bag,Black,Parking Area,Open Area,0.45,24,0.54,0,0,
1036,Bag,White,Bus Stop,Transit,0.75,11,0.76,3,1,1.0
1037,Phone,Red,Auditorium,Building,0.8,21,0.66,1,0,
1038,ID Card,Black,Auditorium,Building,0.8,20,0.74,6,1,1.0
1039,ID Card,Silver,Parking Area,Open Area,0.45,11,0.55,2,0,
1040,Phone,Blue,Pathway near CSE,Pathway,0.6,4,0.44,1,0,
1041,Keys,White,Pathway near CSE,Pathway,0.6,3,0.71,3,1,1.0
1042,Wallet,Blue,Clock Tower,Landmark,0.9,29,0.35,0,0,
1043,Wallet,Green,Auditorium,Building,0.8,25,0.47,0,0,
1044,ID Card,Red,Auditorium,Building,0.8,13,0.38,3,1,1.0
1045,Keys,White,Parking Area,Open Area,0.45,3,0.63,1,0,
1046,Bag,Green,Bus Stop,Transit,0.75,18,0.49,1,0,
1047,Wallet,Green,Clock Tower,Landmark,0.9,16,0.69,3,1,1.0
1048,Bottle,Green,Auditorium,Building,0.8,18,0.73,5,1,1.0
1049,Bottle,Blue,Bus Stop,Transit,0.75,18,0.89,1,0,
1050,Wallet,Red,Pathway near CSE,Pathway,0.6,21,0.44,3,0,
1051,ID Card,Silver,Pathway near CSE,Pathway,0.6,13,0.59,2,0,
1052,Keys,Blue,Library,Building,0.85,12,0.57,3,0,
1053,ID Card,Green,Auditorium,Building,0.8,4,0.95,1,1,5.0
1054,Bottle,White,Bus Stop,Transit,0.75,16,0.67,2,0,
1055,Keys,Silver,Auditorium,Building,0.8,10,0.5,0,0,
1056,Bottle,White,Canteen,Building,0.95,6,0.91,2,1,1.0
1057,Keys,Black,Bus Stop,Transit,0.75,11,0.62,0,0,
1058,Wallet,White,Bus Stop,Transit,0.75,30,0.56,1,0,
1059,Bottle,White,Bus Stop,Transit,0.75,10,0.51,2,0,
1060,ID Card,Silver,Pathway near CSE,Pathway,0.6,18,0.69,3,1,5.0
1061,Keys,White,Pathway near CSE,Pathway,0.6,21,0.98,1,0,
1062,Bottle,Black,Auditorium,Building,0.8,13,0.99,2,1,3.0
1063,Bottle,Red,Clock Tower,Landmark,0.9,12,0.77,3,1,1.0
1064,Keys,Red,Canteen,Building,0.95,8,0.68,1,1,3.0
1065,Wallet,Black,Bus Stop,Transit,0.75,8,0.67,3,1,1.0
1066,Phone,White,Auditorium,Building,0.8,9,0.84,4,1,1.0
1067,Bottle,Red,Library,Building,0.85,26,0.63,6,1,1.0
1068,Bottle,White,Bus Stop,Transit,0.75,17,0.88,2,0,
1069,Keys,White,Parking Area,Open Area,0.45,12,0.57,1,0,
1070,Keys,Black,Bus Stop,Transit,0.75,21,0.93,2,0,
1071,Bag,Green,Pathway near CSE,Pathway,0.6,30,0.88,1,0,
1072,Keys,Black,Parking Area,Open Area,0.45,1,0.55,4,0,
1073,ID Card,Blue,Parking Area,Open Area,0.45,27,0.71,2,0,
1074,Bag,Blue,Bus Stop,Transit,0.75,22,0.87,0,0,
1075,ID Card,Silver,Parking Area,Open Area,0.45,23,0.84,2,0,
1076,Keys,Blue,Library,Building,0.85,14,0.49,6,1,2.0
1077,Keys,Red,Canteen,Building,0.95,30,0.64,3,0,
1078,Bottle,Red,Pathway near CSE,Pathway,0.6,1,0.56,3,1,3.0
1079,Bottle,Black,Canteen,Building,0.95,5,0.64,1,0,
1080,ID Card,Red,Library,Building,0.85,14,0.76,3,1,1.0
1081,Wallet,Red,Canteen,Building,0.95,29,0.68,4,1,3.0
1082,Phone,White,Parking Area,Open Area,0.45,26,0.66,2,0,
1083,Bag,Silver,Parking Area,Open Area,0.45,11,0.63,3,0,
1084,Keys,Black,Parking Area,Open Area,0.45,7,0.57,5,1,2.0
1085,Bottle,Red,Auditorium,Building,0.8,16,0.8,3,1,1.0
1086,Bottle,Silver,Pathway near CSE,Pathway,0.6,2,0.51,1,0,
1087,Wallet,White,Library,Building,0.85,10,0.61,0,0,
1088,Wallet,Silver,Parking Area,Open Area,0.45,15,0.79,2,0,
1089,Keys,Red,Clock Tower,Landmark,0.9,21,0.78,4,1,3.0
1090,Wallet,White,Parking Area,Open Area,0.45,29,0.39,0,0,
1091,Phone,White,Library,Building,0.85,12,0.33,1,0,
1092,Phone,Green,Library,Building,0.85,17,0.64,3,1,8.0
1093,Phone,Silver,Auditorium,Building,0.8,24,0.99,1,1,1.0
1094,Bottle,Green,Pathway near CSE,Pathway,0.6,1,0.77,0,0,
1095,Keys,Blue,Library,Building,0.85,16,0.57,2,0,
1096,Phone,Blue,Auditorium,Building,0.8,17,0.59,1,0,
1097,Keys,Red,Canteen,Building,0.95,21,0.69,2,0,
1098,Wallet,White,Pathway near CSE,Pathway,0.6,26,0.6,0,0,
1099,Bottle,White,Bus Stop,Transit,0.75,24,0.99,2,1,1.0
1100,Phone,White,Bus Stop,Transit,0.75,4,0.44,1,1,3.0
1101,Keys,Black,Clock Tower,Landmark,0.9,2,0.75,2,1,1.0
1102,Wallet,Black,Parking Area,Open Area,0.45,2,0.88,2,1,1.0
1103,Wallet,Black,Pathway near CSE,Pathway,0.6,12,0.86,2,1,1.0
1104,Bag,Green,Library,Building,0.85,0,0.69,3,1,1.0
1105,Phone,Silver,Clock Tower,Landmark,0.9,20,0.68,1,0,
1106,Phone,White,Parking Area,Open Area,0.45,1,0.77,3,1,2.0
1107,Phone,Black,Parking Area,Open Area,0.45,3,0.61,4,1,1.0
1108,Keys,Black,Parking Area,Open Area,0.45,2,0.96,3,1,1.0
1109,Bag,Green,Pathway near CSE,Pathway,0.6,26,0.8,1,0,
1110,Bag,Blue,Parking Area,Open Area,0.45,7,0.57,1,0,
1111,Bag,Silver,Library,Building,0.85,30,0.63,2,0,
1112,ID Card,White,Auditorium,Building,0.8,27,0.34,0,0,
1113,ID Card,Red,Parking Area,Open Area,0.45,27,0.81,2,0,
1114,Phone,Red,Clock Tower,Landmark,0.9,18,0.57,0,0,
1115,Bottle,Silver,Clock Tower,Landmark,0.9,9,0.94,1,1,1.0
1116,Keys,White,Library,Building,0.85,6,0.66,3,1,6.0
1117,Keys,Silver,Canteen,Building,0.95,5,0.5,2,1,3.0
1118,Bottle,Black,Canteen,Building,0.95,3,0.96,3,1,3.0
1119,Bottle,Red,Auditorium,Building,0.8,24,0.67,1,0,
1120,Bottle,Green,Bus Stop,Transit,0.75,17,0.59,5,0,
1121,Keys,Red,Library,Building,0.85,3,0.89,2,1,1.0
1122,Bottle,Green,Library,Building,0.85,11,0.67,3,1,3.0
1123,Keys,Blue,Clock Tower,Landmark,0.9,9,0.66,1,0,
1124,Wallet,Black,Pathway near CSE,Pathway,0.6,14,0.36,1,0,
1125,Keys,Black,Bus Stop,Transit,0.75,18,0.87,1,0,
1126,Bottle,Black,Auditorium,Building,0.8,10,0.74,3,1,1.0
1127,Wallet,Red,Library,Building,0.85,7,0.65,3,1,6.0
1128,Keys,White,Bus Stop,Transit,0.75,13,0.72,4,1,1.0
1129,ID Card,Blue,Bus Stop,Transit,0.75,23,0.77,1,0,
1130,Bag,Green,Pathway near CSE,Pathway,0.6,11,0.68,2,0,
1131,Bag,Silver,Clock Tower,Landmark,0.9,5,0.3,3,0,
1132,Phone,Black,Auditorium,Building,0.8,26,0.94,0,0,
1133,Bottle,Blue,Library,Building,0.85,23,0.7,2,0,
1134,Phone,White,Clock Tower,Landmark,0.9,28,0.79,1,1,1.0
1135,Bottle,White,Clock Tower,Landmark,0.9,26,0.88,1,0,
1136,Bag,Silver,Canteen,Building,0.95,29,0.57,1,1,7.0
1137,ID Card,Silver,Parking Area,Open Area,0.45,15,0.46,4,0,
1138,Wallet,Black,Pathway near CSE,Pathway,0.6,7,0.69,0,0,
1139,Bottle,White,Auditorium,Building,0.8,9,0.53,1,0,
1140,Bottle,Silver,Clock Tower,Landmark,0.9,12,0.88,0,0,
1141,Phone,White,Canteen,Building,0.95,27,0.61,2,0,
1142,Bottle,White,Canteen,Building,0.95,24,0.76,0,0,
1143,Bag,Blue,Canteen,Building,0.95,18,0.77,2,1,1.0
1144,Keys,Blue,Bus Stop,Transit,0.75,23,0.75,6,1,1.0
1145,ID Card,Red,Canteen,Building,0.95,24,0.74,1,1,1.0
1146,Phone,Black,Library,Building,0.85,7,0.5,1,1,2.0
1147,Wallet,Silver,Auditorium,Building,0.8,11,0.79,1,1,1.0
1148,Bag,Red,Clock Tower,Landmark,0.9,20,0.3,3,0,
1149,Keys,Silver,Bus Stop,Transit,0.75,26,0.85,0,0,
1150,Keys,Black,Parking Area,Open Area,0.45,17,0.73,2,0,
1151,Bag,White,Pathway near CSE,Pathway,0.6,11,0.64,1,0,
1152,Phone,Silver,Library,Building,0.85,12,0.7,4,1,1.0
1153,Wallet,Silver,Pathway near CSE,Pathway,0.6,11,0.49,4,0,
1154,ID Card,Green,Auditorium,Building,0.8,15,0.64,4,1,1.0
1155,Phone,Silver,Canteen,Building,0.95,14,0.59,1,0,
1156,Phone,Silver,Bus Stop,Transit,0.75,8,0.79,3,1,2.0
1157,Wallet,Blue,Library,Building,0.85,19,0.89,1,1,1.0
1158,Phone,White,Canteen,Building,0.95,13,0.6,1,0,
1159,Keys,Red,Pathway near CSE,Pathway,0.6,21,0.73,4,0,
1160,Wallet,Silver,Canteen,Building,0.95,20,0.99,4,1,1.0
1161,Phone,Blue,Clock Tower,Landmark,0.9,4,0.3,4,1,1.0
1162,Wallet,Blue,Bus Stop,Transit,0.75,16,0.54,3,1,1.0
1163,Bottle,Blue,Clock Tower,Landmark,0.9,5,0.5,1,0,
1164,Wallet,Silver,Pathway near CSE,Pathway,0.6,19,0.87,0,0,
1165,Keys,Red,Bus Stop,Transit,0.75,23,0.42,2,0,
1166,ID Card,Red,Canteen,Building,0.95,14,0.48,1,0,
1167,Bag,Green,Canteen,Building,0.95,7,0.69,3,1,2.0
1168,Bottle,Blue,Auditorium,Building,0.8,18,0.77,2,0,
1169,Wallet,Silver,Bus Stop,Transit,0.75,16,0.62,2,0,
1170,Keys,White,Library,Building,0.85,29,0.73,1,0,
1171,Bottle,Red,Canteen,Building,0.95,12,0.67,1,0,
1172,Phone,Red,Canteen,Building,0.95,16,0.92,1,1,1.0
1173,Bottle,White,Pathway near CSE,Pathway,0.6,26,0.92,1,0,
1174,Phone,Blue,Pathway near CSE,Pathway,0.6,28,0.43,1,0,
1175,Phone,Silver,Parking Area,Open Area,0.45,24,0.62,2,0,
1176,Bag,White,Canteen,Building,0.95,28,0.45,4,0,
1177,Phone,White,Bus Stop,Transit,0.75,13,0.66,1,0,
1178,ID Card,Red,Bus Stop,Transit,0.75,16,0.62,5,1,1.0
1179,Bag,Green,Library,Building,0.85,18,0.39,3,0,
1180,Keys,Silver,Clock Tower,Landmark,0.9,13,0.54,1,0,
1181,Bag,Blue,Auditorium,Building,0.8,2,0.87,3,1,6.0
1182,Bottle,Green,Library,Building,0.85,6,0.9,1,0,
1183,Keys,Red,Parking Area,Open Area,0.45,16,0.4,2,0,
1184,Phone,Green,Bus Stop,Transit,0.75,6,0.79,4,1,1.0
1185,ID Card,Green,Library,Building,0.85,3,0.35,1,0,
1186,Keys,Silver,Library,Building,0.85,8,0.69,1,0,
1187,Bag,Silver,Library,Building,0.85,19,0.5,3,0,
1188,Keys,Green,Auditorium,Building,0.8,6,0.68,3,1,2.0
1189,Bottle,Green,Canteen,Building,0.95,11,0.75,3,1,2.0
1190,Bag,Black,Library,Building,0.85,18,0.92,0,0,
1191,Keys,Green,Bus Stop,Transit,0.75,4,0.39,1,0,
1192,Keys,Red,Bus Stop,Transit,0.75,7,0.6,2,0,
1193,Keys,Blue,Clock Tower,Landmark,0.9,6,0.71,1,1,2.0
1194,ID Card,Silver,Parking Area,Open Area,0.45,22,0.89,3,1,1.0
1195,Phone,Blue,Pathway near CSE,Pathway,0.6,30,0.63,4,0,
1196,Phone,Blue,Pathway near CSE,Pathway,0.6,29,0.59,0,0,
1197,Phone,Red,Library,Building,0.85,7,0.54,3,1,1.0
1198,Bottle,Red,Bus Stop,Transit,0.75,12,0.87,1,0,
1199,Bag,Silver,Bus Stop,Transit,0.75,16,0.89,3,1,4.0
1200,Bottle,Red,Auditorium,Building,0.8,26,0.87,2,0,
